-- MySQL dump 10.13  Distrib 9.4.0, for Win64 (x86_64)
--
-- Host: localhost    Database: coded_bank
-- ------------------------------------------------------
-- Server version	9.4.0

/*!40101 SET @OLD_CHARACTER_SET_CLIENT=@@CHARACTER_SET_CLIENT */;
/*!40101 SET @OLD_CHARACTER_SET_RESULTS=@@CHARACTER_SET_RESULTS */;
/*!40101 SET @OLD_COLLATION_CONNECTION=@@COLLATION_CONNECTION */;
/*!50503 SET NAMES utf8mb4 */;
/*!40103 SET @OLD_TIME_ZONE=@@TIME_ZONE */;
/*!40103 SET TIME_ZONE='+00:00' */;
/*!40014 SET @OLD_UNIQUE_CHECKS=@@UNIQUE_CHECKS, UNIQUE_CHECKS=0 */;
/*!40014 SET @OLD_FOREIGN_KEY_CHECKS=@@FOREIGN_KEY_CHECKS, FOREIGN_KEY_CHECKS=0 */;
/*!40101 SET @OLD_SQL_MODE=@@SQL_MODE, SQL_MODE='NO_AUTO_VALUE_ON_ZERO' */;
/*!40111 SET @OLD_SQL_NOTES=@@SQL_NOTES, SQL_NOTES=0 */;

--
-- Current Database: `coded_bank`
--

CREATE DATABASE /*!32312 IF NOT EXISTS*/ `coded_bank` /*!40100 DEFAULT CHARACTER SET utf8mb4 COLLATE utf8mb4_0900_ai_ci */ /*!80016 DEFAULT ENCRYPTION='N' */;

USE `coded_bank`;

--
-- Table structure for table `accounts`
--

DROP TABLE IF EXISTS `accounts`;
/*!40101 SET @saved_cs_client     = @@character_set_client */;
/*!50503 SET character_set_client = utf8mb4 */;
CREATE TABLE `accounts` (
  `AccountID` int NOT NULL,
  `CustomerID` int DEFAULT NULL,
  `Type` varchar(20) DEFAULT NULL,
  `Balance` decimal(15,2) DEFAULT NULL,
  `OpenDate` date DEFAULT NULL,
  PRIMARY KEY (`AccountID`),
  KEY `CustomerID` (`CustomerID`),
  CONSTRAINT `accounts_ibfk_1` FOREIGN KEY (`CustomerID`) REFERENCES `customers` (`CustomerID`)
) ENGINE=InnoDB DEFAULT CHARSET=utf8mb4 COLLATE=utf8mb4_0900_ai_ci;
/*!40101 SET character_set_client = @saved_cs_client */;

--
-- Dumping data for table `accounts`
--

LOCK TABLES `accounts` WRITE;
/*!40000 ALTER TABLE `accounts` DISABLE KEYS */;
INSERT INTO `accounts` VALUES (1,1,'Savings',92855.81,'2025-06-22'),(2,1,'Business',68831.70,'2022-03-13'),(3,2,'Checking',39598.73,'2023-10-31'),(4,2,'Business',64812.74,'2024-12-26'),(5,2,'Checking',89911.22,'2020-11-05'),(6,3,'Savings',24414.51,'2022-09-20'),(7,3,'Savings',33477.60,'2020-08-11'),(8,4,'Business',22626.53,'2021-07-05'),(9,4,'Savings',222.68,'2020-10-06'),(10,4,'Business',62925.85,'2023-01-03'),(11,5,'Savings',90494.71,'2023-08-13'),(12,6,'Savings',51172.69,'2021-10-26'),(13,6,'Checking',66732.27,'2024-08-12'),(14,7,'Business',12797.34,'2023-10-23'),(15,8,'Business',47003.44,'2021-04-09'),(16,8,'Checking',80653.45,'2022-06-05'),(17,8,'Savings',8979.74,'2023-02-22'),(18,9,'Checking',35106.91,'2025-05-29'),(19,9,'Checking',46435.98,'2025-03-08'),(20,9,'Business',4944.20,'2022-05-05'),(21,10,'Business',9391.00,'2022-08-22'),(22,10,'Checking',72685.47,'2025-06-20'),(23,10,'Savings',24489.96,'2021-03-01'),(24,11,'Business',44585.66,'2022-03-18'),(25,12,'Savings',27493.79,'2022-03-27'),(26,12,'Savings',87385.84,'2022-08-24'),(27,13,'Checking',80706.24,'2023-05-14'),(28,14,'Savings',4584.13,'2020-08-30'),(29,14,'Business',83520.77,'2022-03-29'),(30,14,'Savings',92599.88,'2022-12-28'),(31,15,'Savings',40344.61,'2023-09-07'),(32,16,'Savings',86397.36,'2024-09-18'),(33,16,'Savings',16046.03,'2022-02-07'),(34,17,'Checking',26152.91,'2021-02-15'),(35,18,'Checking',42012.25,'2021-05-01'),(36,18,'Business',99539.98,'2022-07-20'),(37,19,'Business',71700.03,'2022-03-28'),(38,19,'Savings',18584.74,'2020-11-16'),(39,19,'Savings',96855.29,'2021-09-18'),(40,20,'Business',53990.62,'2021-12-21'),(41,20,'Business',31017.28,'2024-03-13'),(42,20,'Savings',58209.85,'2021-06-20'),(43,21,'Business',15321.99,'2022-04-28'),(44,21,'Business',7551.20,'2023-10-08'),(45,21,'Savings',6386.39,'2025-03-06'),(46,22,'Business',86112.83,'2024-10-18'),(47,23,'Savings',94130.41,'2024-06-23'),(48,23,'Business',24244.64,'2022-05-03'),(49,24,'Savings',61747.84,'2021-12-27'),(50,24,'Checking',65566.00,'2022-07-04'),(51,24,'Business',52039.66,'2021-07-06'),(52,25,'Savings',66807.46,'2024-10-20'),(53,25,'Checking',23487.94,'2022-08-06'),(54,26,'Savings',67004.87,'2024-08-20'),(55,26,'Checking',45451.07,'2023-10-28'),(56,27,'Savings',45557.70,'2024-10-14'),(57,28,'Savings',6862.70,'2024-06-26'),(58,28,'Savings',50341.41,'2025-04-06'),(59,28,'Savings',93292.57,'2024-07-06'),(60,29,'Savings',36637.47,'2024-11-03'),(61,30,'Checking',83291.37,'2021-12-07'),(62,31,'Checking',60973.62,'2023-03-09'),(63,31,'Business',52658.54,'2024-07-09'),(64,31,'Business',81618.97,'2022-05-17'),(65,32,'Business',9910.44,'2023-10-05'),(66,32,'Savings',26078.83,'2022-09-12'),(67,33,'Business',55098.98,'2022-10-23'),(68,34,'Checking',60285.40,'2023-06-18'),(69,34,'Business',33959.47,'2022-07-07'),(70,35,'Business',85217.74,'2024-12-21'),(71,35,'Business',48597.45,'2020-10-28'),(72,35,'Savings',8776.00,'2022-02-09'),(73,36,'Checking',3930.72,'2024-09-28'),(74,36,'Checking',76997.48,'2023-05-20'),(75,37,'Checking',15738.99,'2023-09-22'),(76,37,'Checking',54943.88,'2022-09-14'),(77,37,'Checking',55871.14,'2021-11-26'),(78,38,'Savings',94477.62,'2021-07-14'),(79,39,'Savings',54331.82,'2022-01-31'),(80,39,'Checking',58042.21,'2021-08-21'),(81,39,'Savings',42693.56,'2024-01-31'),(82,40,'Checking',36147.48,'2021-10-18'),(83,41,'Checking',20612.69,'2021-04-14'),(84,42,'Business',9830.76,'2020-12-08'),(85,43,'Checking',97370.62,'2022-10-29'),(86,43,'Business',15032.61,'2024-03-13'),(87,43,'Savings',86392.87,'2024-08-29'),(88,44,'Checking',1991.03,'2023-03-16'),(89,45,'Checking',78129.84,'2020-09-11'),(90,45,'Checking',80124.63,'2020-10-21'),(91,45,'Business',80980.31,'2021-10-27'),(92,46,'Savings',78631.14,'2024-02-23'),(93,46,'Savings',37945.44,'2024-04-29'),(94,47,'Checking',21854.59,'2021-02-27'),(95,48,'Checking',30171.68,'2022-04-10'),(96,48,'Savings',21903.82,'2020-12-14'),(97,49,'Savings',39545.83,'2024-09-11'),(98,49,'Checking',86367.47,'2025-05-07'),(99,49,'Checking',34790.19,'2023-12-02'),(100,50,'Checking',67791.57,'2020-12-29'),(101,50,'Business',32780.56,'2024-06-04'),(102,50,'Savings',11091.85,'2022-04-22'),(103,51,'Savings',57849.27,'2024-02-10'),(104,51,'Checking',3344.85,'2025-05-11'),(105,52,'Checking',34241.55,'2020-09-23'),(106,52,'Checking',43357.59,'2024-08-16'),(107,52,'Business',11122.40,'2020-09-05'),(108,53,'Savings',25099.61,'2022-01-03'),(109,53,'Business',43323.78,'2020-08-12'),(110,53,'Business',92520.30,'2024-11-13'),(111,54,'Business',71802.71,'2021-08-16'),(112,54,'Business',73572.29,'2021-06-11'),(113,54,'Savings',36104.26,'2021-01-07'),(114,55,'Business',92037.47,'2025-05-06'),(115,56,'Checking',66170.44,'2022-02-20'),(116,56,'Savings',71835.30,'2023-01-08'),(117,56,'Checking',50465.81,'2024-08-24'),(118,57,'Checking',32281.38,'2020-12-01'),(119,57,'Business',29213.35,'2022-08-29'),(120,57,'Savings',18779.93,'2022-07-28'),(121,58,'Checking',67570.45,'2021-06-04'),(122,58,'Savings',61359.25,'2025-03-26'),(123,58,'Checking',40310.55,'2023-06-17'),(124,59,'Checking',28334.83,'2022-08-15'),(125,60,'Business',60469.49,'2021-09-16'),(126,60,'Checking',46231.31,'2023-08-06'),(127,61,'Business',20976.99,'2022-08-21'),(128,61,'Checking',79270.41,'2021-03-05'),(129,62,'Savings',65714.50,'2024-10-25'),(130,62,'Checking',51302.93,'2024-01-21'),(131,62,'Business',61735.71,'2024-07-21'),(132,63,'Savings',67115.96,'2023-09-29'),(133,64,'Savings',14309.07,'2022-05-11'),(134,65,'Savings',98385.57,'2024-09-08'),(135,66,'Savings',45269.32,'2022-11-08'),(136,66,'Business',57354.93,'2023-09-14'),(137,66,'Business',69483.60,'2025-04-03'),(138,67,'Checking',24020.44,'2023-11-28'),(139,67,'Business',68606.05,'2021-06-30'),(140,68,'Checking',21493.53,'2020-11-25'),(141,69,'Business',46187.26,'2020-10-31'),(142,69,'Business',24544.43,'2025-04-21'),(143,69,'Savings',45374.41,'2022-02-27'),(144,70,'Business',52878.75,'2021-03-16'),(145,70,'Business',59342.96,'2025-03-08'),(146,71,'Business',81408.15,'2020-12-10'),(147,71,'Business',42387.45,'2024-11-09'),(148,72,'Checking',89669.41,'2021-06-09'),(149,72,'Business',86080.24,'2022-07-01'),(150,72,'Checking',25548.75,'2021-01-01'),(151,73,'Business',27369.79,'2020-09-05'),(152,74,'Checking',62488.22,'2023-09-03'),(153,74,'Checking',43707.20,'2023-11-08'),(154,74,'Business',28215.68,'2025-06-14'),(155,75,'Checking',31630.81,'2021-11-30'),(156,75,'Business',7598.05,'2024-10-03'),(157,76,'Savings',37995.05,'2020-12-18'),(158,77,'Business',21002.26,'2022-03-07'),(159,78,'Checking',32753.58,'2023-06-17'),(160,78,'Checking',41285.31,'2022-01-31'),(161,79,'Checking',38642.42,'2023-05-04'),(162,80,'Business',1462.96,'2023-03-20'),(163,80,'Business',37728.29,'2020-11-27'),(164,80,'Savings',94245.54,'2025-02-10'),(165,81,'Checking',85271.52,'2023-12-26'),(166,81,'Checking',53591.17,'2021-02-08'),(167,82,'Business',79886.75,'2023-02-13'),(168,82,'Savings',48567.06,'2020-11-25'),(169,82,'Checking',43301.52,'2023-08-09'),(170,83,'Checking',33281.02,'2021-03-20'),(171,84,'Checking',72280.23,'2024-12-27'),(172,84,'Checking',91913.93,'2022-06-22'),(173,84,'Business',53179.42,'2022-02-21'),(174,85,'Business',56221.39,'2024-12-30'),(175,85,'Savings',7936.72,'2024-01-16'),(176,86,'Savings',86618.56,'2021-04-29'),(177,86,'Savings',4553.61,'2023-10-01'),(178,87,'Checking',20771.86,'2020-09-21'),(179,87,'Checking',33418.81,'2024-07-18'),(180,88,'Checking',75076.99,'2021-02-17'),(181,88,'Checking',24853.29,'2021-03-15'),(182,89,'Checking',1448.02,'2024-02-05'),(183,90,'Savings',99990.74,'2025-03-27'),(184,90,'Checking',22034.33,'2025-05-26'),(185,90,'Savings',78013.92,'2024-10-25'),(186,91,'Savings',75300.44,'2022-12-13'),(187,91,'Savings',19535.75,'2022-08-11'),(188,91,'Savings',61944.23,'2022-10-25'),(189,92,'Savings',47092.89,'2025-02-20'),(190,93,'Business',94749.58,'2023-12-19'),(191,94,'Business',25252.49,'2025-03-13'),(192,94,'Checking',16362.81,'2020-11-15'),(193,95,'Business',71694.90,'2025-01-17'),(194,95,'Savings',96454.44,'2024-07-06'),(195,95,'Savings',57657.82,'2025-02-13'),(196,96,'Business',67573.40,'2025-01-08'),(197,96,'Checking',39363.77,'2020-10-11'),(198,97,'Savings',7137.65,'2024-08-09'),(199,97,'Business',82972.45,'2020-09-17'),(200,97,'Savings',9741.08,'2023-12-11'),(201,98,'Business',59841.37,'2023-10-16'),(202,98,'Savings',79520.84,'2020-12-28'),(203,99,'Savings',34393.98,'2022-05-18'),(204,99,'Checking',65982.89,'2024-04-24'),(205,99,'Savings',50349.06,'2023-01-02'),(206,100,'Savings',84882.35,'2022-11-06'),(207,100,'Checking',10106.66,'2022-06-15');
/*!40000 ALTER TABLE `accounts` ENABLE KEYS */;
UNLOCK TABLES;

--
-- Table structure for table `branches`
--

DROP TABLE IF EXISTS `branches`;
/*!40101 SET @saved_cs_client     = @@character_set_client */;
/*!50503 SET character_set_client = utf8mb4 */;
CREATE TABLE `branches` (
  `BranchID` int NOT NULL,
  `Location` varchar(100) DEFAULT NULL,
  `Manager` varchar(100) DEFAULT NULL,
  `Region` varchar(100) DEFAULT NULL,
  PRIMARY KEY (`BranchID`)
) ENGINE=InnoDB DEFAULT CHARSET=utf8mb4 COLLATE=utf8mb4_0900_ai_ci;
/*!40101 SET character_set_client = @saved_cs_client */;

--
-- Dumping data for table `branches`
--

LOCK TABLES `branches` WRITE;
/*!40000 ALTER TABLE `branches` DISABLE KEYS */;
INSERT INTO `branches` VALUES (1,'North Shawnmouth','Nancy Mitchell','Kentucky'),(2,'Lake Alyssa','Michael Bishop','Iowa'),(3,'South Samuel','Lindsay Phillips','Vermont'),(4,'Lake Tinaside','Patricia Ballard','Kansas'),(5,'Wendyville','Kayla Alvarez','Tennessee'),(6,'Finleyview','Jacob Rasmussen','Pennsylvania'),(7,'Yvonneburgh','Teresa Williams','Oklahoma'),(8,'Tammyfurt','Steven Jordan','South Carolina'),(9,'Lynnbury','Lauren Ruiz','Missouri'),(10,'Ramirezshire','Elizabeth Villarreal','Oregon');
/*!40000 ALTER TABLE `branches` ENABLE KEYS */;
UNLOCK TABLES;

--
-- Table structure for table `cards`
--

DROP TABLE IF EXISTS `cards`;
/*!40101 SET @saved_cs_client     = @@character_set_client */;
/*!50503 SET character_set_client = utf8mb4 */;
CREATE TABLE `cards` (
  `CardID` int NOT NULL,
  `CustomerID` int DEFAULT NULL,
  `Type` varchar(20) DEFAULT NULL,
  `Status` varchar(20) DEFAULT NULL,
  `IssueDate` date DEFAULT NULL,
  `CardLimit` decimal(10,2) DEFAULT NULL,
  PRIMARY KEY (`CardID`),
  KEY `CustomerID` (`CustomerID`),
  CONSTRAINT `cards_ibfk_1` FOREIGN KEY (`CustomerID`) REFERENCES `customers` (`CustomerID`)
) ENGINE=InnoDB DEFAULT CHARSET=utf8mb4 COLLATE=utf8mb4_0900_ai_ci;
/*!40101 SET character_set_client = @saved_cs_client */;

--
-- Dumping data for table `cards`
--

LOCK TABLES `cards` WRITE;
/*!40000 ALTER TABLE `cards` DISABLE KEYS */;
INSERT INTO `cards` VALUES (1,3,'Debit','Expired','2022-06-26',5610.20),(2,3,'Debit','Active','2025-03-02',5139.48),(3,5,'Debit','Blocked','2021-12-07',9447.16),(4,6,'Credit','Expired','2023-08-27',4725.83),(5,6,'Debit','Blocked','2023-03-06',3301.95),(6,8,'Debit','Blocked','2023-05-15',8944.36),(7,8,'Credit','Blocked','2022-12-21',1325.21),(8,10,'Debit','Blocked','2023-06-29',8134.59),(9,11,'Debit','Expired','2023-05-30',1206.33),(10,11,'Debit','Expired','2022-03-06',3685.70),(11,12,'Debit','Expired','2022-12-17',7035.41),(12,14,'Debit','Expired','2025-06-25',8044.88),(13,15,'Debit','Expired','2025-03-27',6780.74),(14,16,'Debit','Expired','2024-07-17',6459.21),(15,16,'Debit','Active','2022-04-21',6070.26),(16,18,'Debit','Blocked','2022-05-09',4966.10),(17,18,'Credit','Active','2023-11-25',7468.83),(18,19,'Debit','Active','2022-05-11',6530.34),(19,21,'Debit','Active','2021-10-15',4626.03),(20,21,'Credit','Expired','2025-04-28',6306.56),(21,22,'Debit','Active','2023-06-28',4472.51),(22,22,'Credit','Expired','2023-09-16',4112.76),(23,23,'Debit','Expired','2023-10-17',3812.69),(24,23,'Debit','Blocked','2023-10-17',8486.57),(25,24,'Credit','Blocked','2024-01-11',8069.09),(26,25,'Credit','Expired','2022-03-04',5069.11),(27,29,'Credit','Blocked','2024-04-23',3591.27),(28,30,'Credit','Active','2023-04-01',2173.85),(29,30,'Credit','Expired','2021-10-11',1578.59),(30,31,'Credit','Expired','2022-03-07',1716.55),(31,31,'Credit','Blocked','2024-09-18',6210.06),(32,32,'Debit','Active','2024-12-08',3263.84),(33,32,'Debit','Blocked','2022-08-07',1077.63),(34,33,'Credit','Expired','2022-10-14',3517.37),(35,34,'Credit','Blocked','2021-12-20',4287.46),(36,36,'Credit','Expired','2024-11-03',2580.01),(37,37,'Debit','Blocked','2024-08-18',4752.55),(38,37,'Debit','Expired','2023-10-20',8818.41),(39,38,'Debit','Expired','2023-09-01',1548.00),(40,38,'Credit','Active','2023-03-17',6247.13),(41,40,'Debit','Blocked','2024-05-07',1357.40),(42,40,'Credit','Blocked','2024-12-29',7785.00),(43,41,'Debit','Expired','2024-10-13',967.54),(44,41,'Debit','Blocked','2025-01-25',5586.99),(45,43,'Credit','Expired','2024-02-23',2678.68),(46,43,'Debit','Blocked','2021-09-25',3649.27),(47,45,'Debit','Active','2024-08-05',842.71),(48,45,'Debit','Expired','2024-07-17',1473.95),(49,46,'Credit','Active','2024-04-21',1990.98),(50,47,'Debit','Active','2022-04-18',6499.78),(51,48,'Debit','Active','2024-03-10',3088.35),(52,48,'Debit','Blocked','2021-09-20',6725.12),(53,50,'Credit','Active','2021-10-25',1227.01),(54,50,'Credit','Active','2024-09-09',640.05),(55,51,'Debit','Active','2024-05-22',7490.80),(56,51,'Credit','Active','2022-07-28',8398.98),(57,52,'Credit','Blocked','2022-04-15',5367.38),(58,54,'Credit','Blocked','2022-10-17',2425.33),(59,55,'Credit','Blocked','2024-12-22',3266.77),(60,58,'Credit','Blocked','2024-07-03',3202.02),(61,59,'Debit','Blocked','2025-03-31',663.52),(62,59,'Credit','Expired','2023-11-10',4239.63),(63,60,'Debit','Blocked','2022-05-14',2628.58),(64,62,'Debit','Blocked','2023-09-16',4013.31),(65,63,'Debit','Expired','2023-11-16',3450.79),(66,63,'Debit','Expired','2022-10-17',9770.27),(67,65,'Debit','Active','2023-07-25',8715.86),(68,65,'Credit','Expired','2022-09-09',2874.71),(69,67,'Credit','Expired','2022-03-12',7368.81),(70,68,'Debit','Active','2022-12-02',7790.38),(71,68,'Credit','Blocked','2024-10-19',3458.82),(72,69,'Debit','Active','2022-04-26',3553.71),(73,70,'Credit','Active','2023-05-17',3047.38),(74,70,'Debit','Expired','2023-09-01',8049.61),(75,71,'Credit','Blocked','2022-11-21',9615.02),(76,71,'Debit','Blocked','2023-05-20',4883.03),(77,72,'Debit','Active','2023-11-03',4544.17),(78,74,'Debit','Active','2022-04-09',2039.88),(79,75,'Debit','Active','2023-03-18',2374.99),(80,75,'Debit','Active','2022-07-01',8912.28),(81,76,'Debit','Expired','2022-09-02',8129.96),(82,77,'Debit','Expired','2025-05-20',8805.04),(83,78,'Credit','Active','2025-01-30',3319.13),(84,79,'Credit','Expired','2024-06-04',9258.72),(85,80,'Credit','Expired','2025-01-07',3562.67),(86,80,'Credit','Expired','2022-07-17',6677.10),(87,82,'Debit','Expired','2023-12-05',9543.96),(88,83,'Credit','Blocked','2021-12-15',4897.36),(89,84,'Debit','Active','2021-08-23',5481.60),(90,85,'Debit','Blocked','2024-07-12',4454.88),(91,87,'Debit','Active','2024-04-22',3462.48),(92,90,'Debit','Expired','2023-10-11',4856.64),(93,90,'Debit','Active','2024-07-14',6437.24),(94,91,'Debit','Active','2022-04-11',3829.30),(95,91,'Debit','Blocked','2021-11-22',6473.81),(96,93,'Credit','Blocked','2024-03-18',6052.45),(97,94,'Credit','Expired','2023-11-22',7786.39),(98,95,'Debit','Active','2024-05-16',6130.07),(99,97,'Debit','Blocked','2024-04-22',2194.09),(100,97,'Debit','Active','2024-07-26',8070.40),(101,98,'Credit','Blocked','2023-07-15',5968.73),(102,98,'Credit','Expired','2022-07-25',8777.70),(103,99,'Credit','Active','2024-05-01',2096.94),(104,99,'Debit','Active','2021-09-10',1367.71),(105,100,'Debit','Active','2023-01-19',2065.77),(106,100,'Debit','Blocked','2022-05-02',1238.98);
/*!40000 ALTER TABLE `cards` ENABLE KEYS */;
UNLOCK TABLES;

--
-- Table structure for table `cardtransactions`
--

DROP TABLE IF EXISTS `cardtransactions`;
/*!40101 SET @saved_cs_client     = @@character_set_client */;
/*!50503 SET character_set_client = utf8mb4 */;
CREATE TABLE `cardtransactions` (
  `CardTxnID` int NOT NULL,
  `CardID` int DEFAULT NULL,
  `Merchant` varchar(100) DEFAULT NULL,
  `Amount` decimal(10,2) DEFAULT NULL,
  `Date` date DEFAULT NULL,
  `FraudFlag` tinyint(1) DEFAULT NULL,
  PRIMARY KEY (`CardTxnID`),
  KEY `CardID` (`CardID`),
  CONSTRAINT `cardtransactions_ibfk_1` FOREIGN KEY (`CardID`) REFERENCES `cards` (`CardID`)
) ENGINE=InnoDB DEFAULT CHARSET=utf8mb4 COLLATE=utf8mb4_0900_ai_ci;
/*!40101 SET character_set_client = @saved_cs_client */;

--
-- Dumping data for table `cardtransactions`
--

LOCK TABLES `cardtransactions` WRITE;
/*!40000 ALTER TABLE `cardtransactions` DISABLE KEYS */;
INSERT INTO `cardtransactions` VALUES (1,1,'Stephens-Moore',141.29,'2024-06-19',0),(2,1,'Rodriguez-Stevens',666.52,'2023-11-01',0),(3,2,'Meyer, Willis and Herman',761.21,'2023-05-09',0),(4,2,'Martin, Hicks and Brandt',380.42,'2024-02-29',0),(5,2,'Fischer, James and Nguyen',358.22,'2024-12-05',0),(6,2,'Wright, Reynolds and Guzman',533.03,'2023-03-15',1),(7,2,'Spencer Group',945.76,'2023-07-23',1),(8,2,'Garcia, Wolfe and Hawkins',840.68,'2024-06-23',0),(9,2,'Allen-Farmer',696.62,'2023-05-29',0),(10,2,'Watson-Herrera',560.12,'2024-06-10',0),(11,2,'Porter-Hicks',182.12,'2024-01-19',0),(12,2,'Bonilla, Boyd and Rodriguez',771.89,'2023-12-10',0),(13,3,'Pittman PLC',618.89,'2023-01-27',0),(14,3,'Small-Zamora',377.33,'2022-01-22',1),(15,3,'Warner PLC',444.87,'2024-12-13',1),(16,3,'Gilbert, Wells and Kane',10.59,'2023-09-28',0),(17,3,'Sims Ltd',98.64,'2024-01-26',0),(18,4,'Stone, Floyd and Hines',921.96,'2023-07-14',0),(19,4,'Owens-Rodgers',648.98,'2024-09-07',0),(20,4,'Rocha Ltd',48.70,'2023-06-03',0),(21,4,'Garcia, Mcpherson and Fry',627.14,'2022-03-04',0),(22,4,'Smith-Martinez',997.25,'2024-07-19',0),(23,4,'Beasley, Sims and Ross',177.90,'2022-08-01',0),(24,4,'Collins, Thomas and Shannon',372.69,'2022-11-10',1),(25,4,'Gutierrez-Martinez',871.56,'2022-09-27',0),(26,4,'Hartman, Stanley and Wilson',422.47,'2022-09-02',0),(27,4,'Lewis-Moore',446.16,'2022-05-08',0),(28,5,'Valdez Group',858.60,'2023-07-23',1),(29,5,'Gutierrez, Thomas and Garcia',656.83,'2022-02-04',0),(30,5,'Gray, Taylor and Jones',838.09,'2023-10-11',1),(31,6,'Davis LLC',518.76,'2024-04-05',0),(32,6,'Shelton, Allen and Bell',838.53,'2022-05-06',0),(33,6,'Powers Inc',196.98,'2024-10-24',1),(34,6,'Gray Ltd',730.31,'2022-06-21',1),(35,6,'Shepherd, James and Zuniga',446.18,'2023-07-19',1),(36,6,'Sherman Inc',690.27,'2024-04-18',1),(37,6,'Johnson PLC',637.12,'2022-01-07',0),(38,7,'Oconnor, Lewis and Dyer',562.76,'2022-08-30',0),(39,7,'Smith, Ward and Wilson',468.92,'2022-06-26',0),(40,7,'Soto, Patton and Roberts',92.72,'2022-07-05',1),(41,7,'Mcdonald Inc',730.90,'2023-01-16',0),(42,7,'Williams, Bailey and Turner',593.19,'2022-02-11',1),(43,7,'Martinez, Wu and Chavez',789.79,'2023-03-22',0),(44,8,'Sanders, Arnold and Adams',85.87,'2023-05-21',0),(45,8,'Walters, Villegas and Acosta',838.12,'2023-01-27',1),(46,8,'Cole-Hood',313.93,'2024-02-16',0),(47,8,'Hughes Group',182.11,'2022-10-15',0),(48,8,'Bates-Melendez',416.91,'2023-01-21',0),(49,8,'Brown-Mejia',884.15,'2022-12-29',0),(50,8,'Webb Ltd',263.06,'2024-06-19',0),(51,8,'Perkins-Thomas',96.95,'2023-12-29',0),(52,8,'Martinez, Miller and Butler',352.11,'2024-12-07',0),(53,9,'Walsh, Osborne and Sanchez',41.55,'2024-02-29',1),(54,9,'Brennan Inc',540.26,'2023-03-08',0),(55,9,'Jefferson-Stewart',350.19,'2023-08-15',1),(56,9,'Liu, Johnson and Salinas',345.47,'2024-10-28',0),(57,10,'Alexander Inc',515.71,'2023-03-08',0),(58,10,'Branch, Salinas and Jones',222.16,'2023-06-19',0),(59,10,'Dawson-Lopez',922.31,'2024-11-24',1),(60,11,'Boone-Brady',144.12,'2023-10-24',0),(61,11,'Jones-Gray',565.95,'2022-03-11',0),(62,11,'Stewart-Lucas',702.78,'2024-01-05',0),(63,11,'Collins PLC',162.96,'2024-08-31',0),(64,11,'King, Smith and Cunningham',339.99,'2022-07-25',1),(65,11,'Pratt-Newton',913.58,'2023-09-20',1),(66,11,'Hughes-Ford',469.51,'2023-01-17',0),(67,11,'Harmon, Cooper and Ramos',441.81,'2024-07-23',0),(68,11,'Caldwell-Dawson',732.30,'2024-08-27',1),(69,12,'Giles-Hood',724.76,'2023-11-23',0),(70,12,'Wang-Jones',680.16,'2023-09-07',0),(71,12,'Powell PLC',970.91,'2023-04-25',0),(72,12,'Sanders-Cole',423.88,'2023-07-06',0),(73,12,'Strickland-Robinson',595.11,'2022-12-02',1),(74,12,'Murphy, Novak and Roy',922.74,'2024-12-09',1),(75,13,'Butler PLC',134.24,'2023-11-14',0),(76,13,'Leach-Clarke',970.47,'2023-09-26',1),(77,13,'Brown-Stephens',802.48,'2024-07-28',0),(78,13,'Vaughn-Maynard',169.52,'2022-01-02',1),(79,14,'Jackson, Giles and Gordon',883.54,'2023-09-10',0),(80,14,'Sanchez Group',84.97,'2023-04-29',1),(81,14,'Moore-Martin',439.37,'2023-05-17',1),(82,14,'Gallegos PLC',686.29,'2024-02-06',0),(83,14,'Romero PLC',479.96,'2023-12-07',0),(84,15,'Rhodes, Lucero and Myers',552.08,'2024-03-18',1),(85,15,'Edwards and Sons',913.27,'2024-02-10',0),(86,15,'Meyer, Cardenas and Sherman',707.69,'2022-07-16',0),(87,15,'Mack, Christian and Barnes',132.86,'2022-10-01',0),(88,15,'Shepard-Ortega',774.39,'2023-08-03',0),(89,15,'Rodriguez-Brown',598.95,'2024-12-29',0),(90,15,'Graves, Bauer and Young',350.13,'2022-02-25',1),(91,15,'Johnston, Williams and Clark',886.16,'2022-12-31',1),(92,15,'Cabrera-Garrison',372.29,'2023-11-28',0),(93,16,'Mcdaniel-Perkins',915.01,'2023-04-17',1),(94,16,'Reid-Wright',502.45,'2022-04-01',1),(95,16,'Green, Walter and Goodwin',305.43,'2022-07-10',0),(96,16,'Pearson-Osborne',387.15,'2023-01-04',0),(97,16,'Orr-Carpenter',154.99,'2023-09-30',0),(98,16,'Day-Collins',676.90,'2024-09-11',0),(99,16,'Salinas-Garcia',264.71,'2024-05-13',1),(100,16,'Johnston, Jordan and Phillips',167.73,'2024-11-25',0),(101,17,'Knapp-Burke',807.20,'2023-12-11',0),(102,17,'Ruiz Group',657.59,'2024-04-08',0),(103,17,'Edwards LLC',165.08,'2022-09-21',0),(104,17,'Brown, Bowers and Baxter',687.87,'2022-01-24',0),(105,17,'Chambers-Navarro',655.55,'2024-04-02',0),(106,17,'Stevens LLC',772.50,'2023-09-13',0),(107,17,'Levine, King and Nixon',262.36,'2022-08-26',0),(108,17,'Hendricks, Harrison and Campbell',504.55,'2024-08-27',0),(109,17,'Kelly LLC',844.95,'2024-01-18',0),(110,18,'Jensen, Harvey and Butler',980.83,'2024-12-24',0),(111,18,'Baird-Mills',870.96,'2022-06-13',1),(112,18,'Dawson-Lawson',11.92,'2023-06-13',1),(113,18,'Garza-Todd',517.32,'2024-07-20',0),(114,19,'Johnson-Craig',467.44,'2022-03-23',0),(115,19,'Keller and Sons',868.56,'2024-07-31',0),(116,20,'Welch PLC',889.72,'2024-01-27',0),(117,20,'Holland, Potter and Rogers',428.57,'2023-08-30',0),(118,21,'Underwood-Allen',270.90,'2023-08-24',0),(119,21,'Santiago-Kennedy',419.97,'2024-07-03',0),(120,21,'Garcia, Hernandez and Tanner',301.19,'2022-03-14',0),(121,21,'Smith, Hudson and Allen',360.46,'2022-03-16',0),(122,21,'Bell PLC',252.38,'2022-06-22',0),(123,21,'Bauer, Young and Johnson',130.42,'2022-10-24',0),(124,21,'Jackson-Woods',433.95,'2023-07-17',0),(125,21,'Norris-Mccarthy',971.99,'2023-05-15',0),(126,21,'Fletcher PLC',45.44,'2023-10-31',0),(127,21,'Ramos, Ryan and Zimmerman',43.10,'2022-07-27',0),(128,22,'Ballard-Bishop',980.37,'2022-06-11',0),(129,22,'Hogan, Fernandez and Taylor',927.80,'2023-09-11',0),(130,22,'Schmidt Inc',403.74,'2023-01-12',0),(131,22,'Conrad-Glass',722.99,'2022-06-12',0),(132,22,'Smith, Green and Hines',965.33,'2023-01-28',0),(133,22,'Cooley-Rowe',994.94,'2024-11-18',1),(134,22,'Sanders-Jackson',695.79,'2022-04-11',0),(135,22,'Moreno, Knox and Chandler',575.47,'2023-03-17',0),(136,22,'Thompson-Cook',278.41,'2023-01-16',0),(137,22,'Davis, Dominguez and Crane',504.06,'2022-04-04',0),(138,23,'Cunningham, Baker and Mccall',679.82,'2023-07-13',0),(139,23,'Mcdonald, Palmer and Fletcher',410.15,'2022-02-08',0),(140,23,'King LLC',658.93,'2023-07-17',0),(141,23,'Berg-Miller',465.13,'2023-10-14',0),(142,24,'Moss Inc',228.70,'2023-10-27',1),(143,24,'Cook and Sons',68.40,'2023-08-13',0),(144,24,'Eaton Inc',589.97,'2023-11-05',0),(145,24,'Johnson, Bartlett and Hall',478.22,'2022-01-26',0),(146,24,'George-King',343.89,'2023-12-11',0),(147,25,'Randall-Leach',464.64,'2024-10-18',1),(148,25,'Barber-Maddox',534.58,'2022-12-15',0),(149,25,'Lloyd PLC',259.41,'2022-03-08',0),(150,25,'Stuart PLC',633.23,'2023-12-09',0),(151,26,'Navarro, Hinton and Holden',749.27,'2024-12-20',0),(152,26,'Good, Cruz and Jarvis',307.51,'2023-10-08',0),(153,26,'White-Owens',676.13,'2022-03-02',1),(154,26,'Thompson and Sons',626.74,'2022-12-08',0),(155,26,'Duran LLC',567.07,'2024-04-30',0),(156,27,'Becker, Dennis and Turner',558.66,'2024-10-02',1),(157,27,'Marshall-Reeves',378.41,'2022-09-27',0),(158,27,'Russell-Thomas',609.09,'2022-09-10',0),(159,27,'Morgan, Hernandez and Bullock',398.77,'2023-03-09',0),(160,27,'Richardson, Hughes and Clark',572.89,'2023-01-01',1),(161,27,'Cole Inc',768.04,'2024-04-01',0),(162,28,'Freeman-Taylor',752.52,'2024-05-06',0),(163,28,'Jones Inc',322.81,'2024-01-14',0),(164,28,'Harris-Simmons',665.91,'2023-10-13',0),(165,28,'Miller-Long',228.97,'2024-04-07',0),(166,28,'Larson-Moss',758.04,'2023-08-10',0),(167,28,'Savage Group',161.18,'2022-12-30',0),(168,28,'Sanders-Wright',291.97,'2024-12-26',0),(169,29,'Bass-Brown',657.91,'2022-07-21',0),(170,29,'Taylor-Rich',582.26,'2024-05-06',0),(171,29,'Dawson-Harvey',413.24,'2022-03-01',1),(172,29,'Sanchez PLC',142.88,'2024-10-27',0),(173,29,'Haley-Mills',601.57,'2024-04-17',0),(174,29,'Davis-Powell',328.40,'2023-05-27',1),(175,29,'Reeves Group',571.46,'2024-08-24',0),(176,29,'Nguyen-Carrillo',952.09,'2022-02-16',0),(177,29,'Carroll-Jenkins',554.30,'2023-01-31',1),(178,30,'Lewis Inc',372.22,'2023-05-06',1),(179,30,'Fleming, Stevens and Ellison',474.81,'2023-02-14',0),(180,30,'Chavez Inc',136.99,'2022-05-13',0),(181,30,'Roberts, Reyes and Ponce',210.97,'2024-08-02',0),(182,30,'Pierce, Schneider and White',248.82,'2024-06-27',1),(183,30,'Mclean PLC',797.77,'2024-08-02',0),(184,30,'Watkins-Lambert',804.67,'2023-11-10',1),(185,30,'Sutton, Lee and Abbott',248.64,'2022-05-24',0),(186,30,'Ballard, Roberts and Little',749.87,'2024-04-12',0),(187,31,'Johnson PLC',75.01,'2024-05-04',0),(188,31,'Andrade-Chavez',883.94,'2022-09-05',0),(189,31,'Obrien, Lawrence and Gordon',441.33,'2022-05-03',0),(190,31,'Lewis, Smith and Chambers',812.60,'2022-03-23',0),(191,31,'Stout, Wilson and Collier',402.43,'2024-11-13',0),(192,31,'Smith Ltd',431.45,'2022-09-12',0),(193,31,'Mendez Ltd',150.25,'2023-06-22',0),(194,31,'Scott, Wong and James',723.38,'2024-01-21',0),(195,32,'Anderson, Lopez and Evans',146.24,'2023-05-13',0),(196,32,'Mitchell-Stewart',214.03,'2022-07-18',0),(197,32,'Turner, White and Buckley',643.83,'2022-06-01',0),(198,32,'Martinez-Roman',899.70,'2024-10-03',1),(199,32,'Allison and Sons',758.20,'2023-12-03',0),(200,32,'Johnson, Parrish and Lloyd',690.75,'2023-11-09',0),(201,32,'Peterson-Thomas',701.06,'2023-07-18',0),(202,33,'Smith and Sons',152.28,'2023-08-14',0),(203,33,'Montoya-Sweeney',224.92,'2024-01-30',0),(204,33,'House-Bowers',715.23,'2023-09-21',1),(205,33,'Hammond, Rogers and Hoover',569.80,'2023-09-17',0),(206,34,'Benjamin-Waters',674.91,'2022-11-13',1),(207,34,'Hancock, Huber and Lopez',150.79,'2023-08-22',0),(208,34,'Gutierrez-Gomez',261.02,'2023-04-12',0),(209,34,'Mendez-Evans',851.66,'2023-09-13',1),(210,34,'Li-Archer',586.31,'2023-06-16',0),(211,34,'Cox, Brown and Duran',722.53,'2024-11-24',0),(212,34,'Sandoval-Taylor',479.59,'2022-12-15',0),(213,34,'Burnett PLC',645.63,'2024-10-23',0),(214,34,'Peters, Berry and Perez',525.72,'2024-02-14',0),(215,35,'Munoz Group',871.43,'2024-09-14',1),(216,35,'Hurst-Jordan',486.58,'2024-02-17',0),(217,35,'Dixon-Valentine',670.40,'2022-05-13',0),(218,35,'Aguilar, Berg and Cooper',228.70,'2023-02-27',1),(219,36,'Jones Group',281.92,'2022-09-02',1),(220,36,'Swanson, Clark and Jackson',359.72,'2024-07-29',0),(221,36,'Flores and Sons',840.78,'2024-12-09',1),(222,36,'Perry-Wolf',742.67,'2024-01-15',0),(223,37,'Winters-Yang',628.27,'2023-11-06',0),(224,37,'Porter and Sons',275.12,'2024-12-31',0),(225,37,'Benjamin, Frederick and Wallace',970.59,'2022-04-25',0),(226,37,'Galvan-Holt',568.87,'2023-05-23',1),(227,37,'Hernandez-Costa',259.79,'2023-01-10',1),(228,37,'Taylor Group',232.20,'2024-07-23',1),(229,37,'Nelson PLC',45.03,'2023-06-29',0),(230,37,'Wong, Johnson and Velez',95.90,'2023-01-25',0),(231,38,'Graham-Mitchell',524.94,'2022-05-05',1),(232,38,'Elliott Ltd',231.45,'2024-09-04',0),(233,38,'Mason Group',102.78,'2022-04-15',0),(234,38,'Duncan, Hendricks and Kelly',791.07,'2022-05-30',1),(235,39,'Alvarez Inc',120.82,'2022-06-20',0),(236,39,'Perez Ltd',201.41,'2023-03-17',0),(237,39,'Hunter-Herrera',303.46,'2022-01-20',0),(238,39,'Harris, Gray and Robinson',861.83,'2022-08-17',0),(239,39,'Brown, Martin and Foley',778.51,'2023-02-03',0),(240,39,'Jones PLC',992.28,'2023-05-31',0),(241,39,'Mcfarland PLC',603.35,'2024-10-05',1),(242,39,'Williams, Russell and Wilson',332.00,'2024-09-16',0),(243,39,'Hancock-Black',951.68,'2023-09-06',0),(244,40,'Diaz, Rubio and Boyd',252.78,'2023-07-18',0),(245,40,'Owens-Harris',627.79,'2022-08-17',1),(246,40,'Rivera, Wagner and Roman',490.14,'2023-10-16',0),(247,40,'Manning-Wilkerson',498.31,'2023-01-02',0),(248,40,'Edwards Inc',761.64,'2023-09-16',0),(249,40,'Moore-Walter',925.67,'2024-06-26',0),(250,40,'Smith, Baker and Johnson',639.69,'2023-01-10',1),(251,40,'Lopez Group',779.90,'2023-04-20',1),(252,40,'Clark-Foster',310.66,'2023-09-18',0),(253,40,'Melendez, Martinez and Johnson',767.59,'2024-08-24',0),(254,41,'Castro Ltd',927.91,'2023-03-07',1),(255,41,'Ryan, Willis and Downs',327.15,'2023-01-29',0),(256,41,'James-Adams',786.88,'2022-11-20',1),(257,41,'Brown PLC',329.05,'2024-11-23',0),(258,41,'Erickson-Fox',655.22,'2024-05-03',0),(259,41,'Jones-Williams',232.58,'2023-06-23',0),(260,42,'Long-Perez',373.94,'2023-09-20',0),(261,42,'Sullivan Group',728.08,'2023-10-08',0),(262,42,'Reynolds, Marks and Powell',311.48,'2024-03-16',0),(263,42,'Nguyen Ltd',10.64,'2024-04-07',0),(264,42,'Perkins Ltd',968.84,'2023-12-26',1),(265,42,'Wright Group',975.11,'2023-07-16',0),(266,43,'Thomas Ltd',212.57,'2023-06-09',0),(267,43,'Hawkins Group',833.39,'2022-02-18',0),(268,43,'Alexander LLC',430.36,'2024-02-23',0),(269,43,'Harris LLC',560.28,'2023-02-13',1),(270,43,'Robles-Todd',619.47,'2024-06-20',0),(271,44,'Miller, Johnson and Shaw',79.05,'2022-11-25',0),(272,44,'Neal-Hanson',724.23,'2024-08-20',0),(273,44,'Douglas Inc',782.32,'2024-03-09',0),(274,45,'Scott PLC',283.74,'2024-02-08',0),(275,45,'Mcdowell-Lloyd',105.93,'2023-12-03',0),(276,45,'Fleming, Mclaughlin and Cooper',540.21,'2024-06-16',0),(277,45,'Lewis, Farmer and Soto',115.48,'2022-10-03',0),(278,45,'Rivas, Richardson and Morris',327.92,'2024-04-27',1),(279,46,'Murillo, Thompson and Henderson',591.86,'2023-02-14',0),(280,46,'Dalton Group',441.07,'2023-11-03',0),(281,46,'Thompson, Andrade and Matthews',558.89,'2023-08-20',0),(282,46,'Davis-Malone',144.77,'2022-05-20',0),(283,47,'Brown Ltd',905.58,'2024-07-02',1),(284,47,'Henry Inc',188.22,'2024-08-17',1),(285,47,'Martinez Group',463.50,'2023-11-14',1),(286,47,'Wright, Hunter and Reed',679.28,'2023-06-15',0),(287,47,'Carr-Taylor',605.60,'2022-02-17',1),(288,47,'Hubbard Group',123.59,'2024-04-21',0),(289,47,'Sloan-Lawrence',399.33,'2024-09-23',0),(290,48,'Waters Ltd',64.98,'2024-11-15',0),(291,48,'Mclaughlin, Freeman and Morton',21.12,'2024-06-14',0),(292,48,'Thomas, Wood and Haas',959.99,'2023-11-01',0),(293,48,'Wells Ltd',286.23,'2023-11-15',0),(294,48,'Huffman Group',735.76,'2022-07-08',0),(295,48,'Jackson, Martinez and Wright',534.10,'2024-11-17',0),(296,48,'Lowe-Kirk',576.06,'2024-08-17',1),(297,48,'Pearson, Morris and Vincent',753.15,'2024-06-01',0),(298,48,'Watson-Gonzales',468.39,'2022-11-08',0),(299,48,'Johnson, Silva and Walker',77.66,'2023-11-27',0),(300,49,'Benitez, Gibson and Bradley',782.21,'2024-06-04',0),(301,49,'Evans and Sons',404.46,'2023-08-25',0),(302,49,'Graves, Hull and Andrews',625.57,'2024-03-09',0),(303,49,'Hodge PLC',13.50,'2023-10-23',0),(304,49,'Jenkins, Johnson and Bryan',154.74,'2023-04-02',0),(305,49,'Farmer, Schneider and Mason',534.70,'2023-02-15',0),(306,49,'Diaz Inc',893.78,'2022-11-09',1),(307,49,'Schroeder, Bright and Gordon',774.13,'2023-02-27',0),(308,49,'Smith and Sons',185.68,'2022-02-23',0),(309,49,'Young-Higgins',780.57,'2023-12-15',0),(310,50,'Stokes, Conley and Good',871.20,'2023-04-17',1),(311,50,'Wu, Hudson and Price',205.69,'2022-12-01',0),(312,50,'Noble Ltd',991.05,'2023-04-23',1),(313,50,'George, Garcia and Marquez',773.48,'2022-02-25',1),(314,50,'Santiago, White and Willis',878.25,'2024-06-19',0),(315,50,'Richards PLC',834.99,'2024-02-08',0),(316,50,'Chase, Jones and Flores',446.73,'2023-03-04',0),(317,51,'Rosales Inc',449.58,'2024-03-28',1),(318,51,'Mckenzie, Pineda and Wilkerson',209.60,'2024-02-19',0),(319,52,'Johnson, Blanchard and Rodriguez',969.40,'2024-11-03',0),(320,52,'Snyder Group',167.07,'2023-03-06',0),(321,52,'Lyons-Davies',940.99,'2024-01-04',0),(322,53,'Harris-Dean',195.03,'2022-07-05',0),(323,53,'Sanchez-Alvarez',480.59,'2024-11-07',0),(324,53,'Hansen Group',945.17,'2022-02-03',0),(325,53,'Cherry PLC',383.13,'2024-05-10',0),(326,53,'Roberts, Coleman and Vega',961.76,'2022-07-24',0),(327,53,'Thompson Group',363.59,'2023-09-27',0),(328,53,'Stone-Paul',436.98,'2023-09-08',1),(329,53,'Blair, Martinez and Franklin',999.71,'2022-06-22',0),(330,54,'Gentry, Harris and Pittman',20.77,'2023-07-17',0),(331,54,'King, Montes and Craig',50.14,'2023-05-25',1),(332,54,'Moses-Davidson',566.76,'2022-09-20',1),(333,54,'Mcdonald, Erickson and Sims',144.52,'2024-08-20',0),(334,54,'Pearson, Christian and Bailey',65.88,'2023-03-06',0),(335,54,'Avila-Jackson',374.85,'2024-04-29',1),(336,54,'Brown Inc',422.14,'2022-12-24',1),(337,54,'Rios and Sons',743.26,'2023-01-07',0),(338,54,'Lutz-Holt',879.68,'2022-08-13',1),(339,55,'Cox PLC',500.07,'2023-09-19',0),(340,55,'Donaldson PLC',627.19,'2023-06-28',0),(341,56,'Fitzgerald, Howard and Bell',784.35,'2023-11-11',0),(342,56,'Thomas Inc',889.38,'2022-03-12',1),(343,57,'Davis, Barton and Taylor',51.27,'2024-02-12',1),(344,57,'Solomon, Roberts and Cole',162.38,'2022-01-31',0),(345,57,'Moore, Le and Conrad',897.70,'2022-07-08',0),(346,57,'Lynch, Torres and Holt',988.25,'2022-08-19',0),(347,57,'Gonzales LLC',467.11,'2024-04-30',0),(348,57,'Green, Levine and Price',138.73,'2022-01-02',0),(349,57,'Aguirre Group',478.86,'2023-06-11',1),(350,57,'Stevens-Johnson',326.26,'2024-01-19',0),(351,58,'Davis-Ware',495.34,'2023-02-06',1),(352,58,'Dunn, Lewis and Miller',223.21,'2022-09-23',1),(353,58,'Palmer-Thompson',229.42,'2022-06-18',0),(354,58,'Macdonald Inc',718.68,'2023-08-02',0),(355,58,'Griffin LLC',253.53,'2023-05-29',1),(356,58,'Webb, Turner and Brady',731.38,'2023-09-09',0),(357,58,'Walton-Hammond',711.91,'2024-08-04',0),(358,58,'Thomas-Nichols',761.09,'2022-09-27',0),(359,58,'Meyers-Flores',424.91,'2022-10-25',0),(360,59,'Bailey-Stafford',633.72,'2023-02-10',1),(361,59,'Kelly, Powell and Young',19.25,'2022-03-11',1),(362,59,'Hopkins, Cameron and Jacobs',166.08,'2023-10-23',0),(363,59,'Rodriguez, Johnson and Kirk',574.23,'2024-09-17',0),(364,59,'Jackson Ltd',191.81,'2024-04-10',0),(365,59,'Tran-Rosales',992.74,'2024-07-17',0),(366,59,'Powell-Reid',548.15,'2022-08-30',0),(367,59,'Higgins-Finley',657.18,'2024-11-19',0),(368,60,'Johnson-Morris',996.70,'2023-01-17',0),(369,60,'Williams Ltd',344.28,'2024-09-25',0),(370,60,'Lawson Group',664.93,'2023-12-03',0),(371,60,'Lynch and Sons',67.80,'2024-01-19',0),(372,60,'Olson-Barker',644.08,'2022-09-16',0),(373,60,'Woodard PLC',230.99,'2024-07-25',0),(374,60,'Vargas-Barnes',124.68,'2023-08-29',1),(375,61,'Fox-Howard',310.50,'2024-06-12',0),(376,61,'Grant, James and Nelson',966.46,'2024-10-30',1),(377,61,'Brown-Jones',400.57,'2024-11-12',1),(378,61,'Johnson, Oliver and Shannon',146.00,'2023-03-31',0),(379,61,'Martinez PLC',202.68,'2023-12-26',1),(380,61,'Williams, Alexander and Edwards',565.07,'2024-12-22',0),(381,61,'Cook Group',801.26,'2024-01-13',1),(382,62,'Williams, Dixon and Buchanan',170.92,'2022-11-22',0),(383,62,'Wilson-Miller',681.99,'2023-04-09',1),(384,62,'Chapman-Trujillo',543.12,'2024-05-18',1),(385,62,'Gaines and Sons',282.03,'2024-03-31',0),(386,62,'White-Brown',392.82,'2024-12-04',0),(387,62,'Chung, Fernandez and Henry',894.28,'2024-08-16',0),(388,62,'Thompson Group',140.44,'2023-09-07',0),(389,62,'Cummings-Ramos',79.50,'2023-10-01',1),(390,62,'Ellis Inc',923.44,'2022-05-17',0),(391,62,'Kim, Allen and Perkins',756.39,'2022-10-15',1),(392,63,'Martin, Munoz and Brown',823.33,'2023-05-12',0),(393,63,'Porter LLC',787.38,'2024-05-08',0),(394,63,'Armstrong, Garcia and Contreras',593.46,'2023-05-25',0),(395,63,'Martinez Group',75.18,'2023-07-20',1),(396,63,'Barry, Hamilton and Reyes',893.18,'2022-09-10',1),(397,63,'Davis, Cooper and Boyer',209.80,'2022-10-19',0),(398,63,'Stark-Heath',761.78,'2022-01-23',0),(399,63,'Werner Group',523.02,'2024-12-09',0),(400,63,'Richardson PLC',772.80,'2024-08-22',1),(401,64,'Fields, Miller and Gaines',302.33,'2022-09-13',0),(402,64,'Davis, Wilson and Owens',157.91,'2023-12-01',0),(403,64,'Brown Group',949.74,'2022-03-25',0),(404,64,'Miller, Todd and Williams',838.79,'2023-06-08',0),(405,64,'Ball-Buck',628.76,'2024-05-22',1),(406,64,'Day LLC',876.86,'2024-09-24',0),(407,64,'Perry-Holland',228.51,'2022-07-31',0),(408,64,'Jordan, Taylor and Sexton',997.62,'2024-01-13',1),(409,64,'Rodriguez LLC',870.01,'2024-10-09',0),(410,65,'Briggs, Andersen and Dodson',61.37,'2022-08-04',0),(411,65,'Bender-Becker',843.11,'2023-07-19',0),(412,65,'Moore, Richards and Ford',642.06,'2023-11-05',0),(413,65,'Norris, Jenkins and Clark',668.64,'2023-05-30',0),(414,65,'Taylor, Gibson and Anderson',87.68,'2022-07-27',0),(415,65,'Martinez-Chase',246.53,'2024-10-10',1),(416,65,'Butler-Alvarez',593.13,'2023-06-29',0),(417,65,'Maldonado-Montgomery',997.32,'2024-09-26',0),(418,66,'Lara, Boyle and Collins',871.04,'2024-02-23',0),(419,66,'Thomas, Manning and Cook',603.65,'2022-07-21',0),(420,66,'Green-Barr',121.89,'2023-05-04',0),(421,66,'Fowler-Johnson',582.22,'2024-05-13',0),(422,66,'Day-Lopez',719.70,'2022-03-23',0),(423,66,'Griffin Inc',648.85,'2024-06-20',0),(424,66,'Alvarez and Sons',575.48,'2024-12-06',0),(425,66,'Johnson-Holloway',940.50,'2024-06-03',0),(426,66,'Smith-Olsen',219.96,'2023-01-06',0),(427,66,'Harrison PLC',632.37,'2023-11-05',0),(428,67,'Knight-Hall',921.07,'2022-02-28',0),(429,67,'Burns-Spears',850.18,'2023-06-04',0),(430,67,'Cherry PLC',819.28,'2023-12-06',0),(431,67,'Martin, Ferrell and Frazier',973.71,'2023-05-25',0),(432,67,'Simmons Group',448.78,'2022-04-08',0),(433,67,'Reeves, Hanson and Garcia',460.91,'2023-06-23',1),(434,68,'Arias, Rojas and Bailey',560.69,'2023-10-22',0),(435,68,'Miller, Mosley and Newman',754.55,'2022-12-19',0),(436,68,'Weaver Group',857.36,'2023-11-15',0),(437,68,'Steele LLC',618.32,'2023-04-12',0),(438,68,'Wolfe-Clark',829.54,'2022-07-27',0),(439,69,'Clark Group',316.36,'2024-10-15',1),(440,69,'Brown, Smith and Miller',757.78,'2023-02-19',0),(441,69,'Thomas and Sons',856.70,'2024-09-21',0),(442,69,'Christensen-Henson',340.32,'2024-06-15',0),(443,69,'Zimmerman-Jones',756.00,'2022-12-12',0),(444,69,'Trevino Inc',20.85,'2023-01-24',0),(445,69,'Allen, Compton and Martin',909.29,'2023-08-30',1),(446,69,'Simpson-Nichols',400.98,'2022-06-05',1),(447,70,'Choi-Lara',95.09,'2024-04-08',0),(448,70,'Mclean-Gomez',150.04,'2023-11-28',0),(449,70,'Patel Group',399.77,'2024-02-28',0),(450,71,'Lopez, Dominguez and Cook',615.35,'2022-06-18',0),(451,71,'Bennett, Ramirez and Guerrero',999.44,'2024-06-25',0),(452,71,'Henry-Cummings',249.67,'2022-11-14',0),(453,71,'Rodriguez-Huerta',31.23,'2023-04-05',1),(454,71,'Rose, Wright and Gonzalez',249.12,'2023-04-08',0),(455,71,'Lewis Ltd',649.66,'2023-03-19',1),(456,72,'Macias, Owens and Valenzuela',300.31,'2022-02-12',0),(457,72,'Morgan-Cortez',838.74,'2024-04-28',1),(458,73,'Beltran, Lee and Guerra',190.13,'2024-11-28',0),(459,73,'Moyer Inc',629.12,'2024-03-03',0),(460,73,'Stephens and Sons',708.21,'2024-01-16',0),(461,73,'Griffin-Murphy',434.16,'2024-01-17',1),(462,73,'Rivas, Skinner and Branch',323.55,'2024-01-02',0),(463,73,'Figueroa-Washington',958.30,'2022-10-03',0),(464,73,'May-Allen',860.64,'2023-05-21',1),(465,73,'Whitaker, Jensen and Hicks',101.14,'2024-11-05',0),(466,74,'Ray Ltd',316.92,'2023-04-12',0),(467,74,'Doyle-Smith',718.98,'2023-04-04',0),(468,74,'Austin-Bond',272.79,'2022-04-19',0),(469,74,'Wu LLC',620.71,'2024-10-15',0),(470,74,'Martinez Group',69.33,'2022-12-17',0),(471,74,'Morris, Farmer and Patrick',562.16,'2022-04-28',0),(472,74,'Jones and Sons',479.24,'2022-10-30',0),(473,74,'Robinson, Gillespie and Johnson',683.60,'2022-05-14',0),(474,74,'Munoz, Williamson and Phillips',571.90,'2022-02-26',0),(475,74,'Barnes-Burns',433.68,'2022-10-01',0),(476,75,'Mendoza-Nolan',663.49,'2023-09-27',0),(477,75,'Powell Group',333.88,'2024-11-06',0),(478,75,'Reynolds-Lawrence',148.51,'2023-10-07',0),(479,75,'Carlson-Burns',971.03,'2022-04-19',0),(480,75,'Espinoza-Wilson',589.51,'2022-05-26',0),(481,76,'Gonzalez, Clay and Campbell',416.64,'2022-11-27',1),(482,76,'Ramirez-Ellis',252.56,'2023-01-03',1),(483,76,'Lindsey, Decker and Willis',34.34,'2024-10-10',0),(484,76,'Frank Inc',335.13,'2022-07-12',0),(485,76,'Liu-Allen',576.13,'2024-03-04',0),(486,76,'Evans, Cooper and Walker',384.38,'2024-08-29',1),(487,76,'Acosta Ltd',848.03,'2023-01-10',0),(488,76,'Mayer-Johnston',314.64,'2022-12-30',0),(489,76,'Harris-Bell',879.67,'2024-10-20',0),(490,76,'Martinez-Barnes',188.64,'2024-04-02',1),(491,77,'Davis and Sons',354.44,'2022-06-17',0),(492,77,'Hill-Esparza',454.47,'2022-07-12',0),(493,77,'Wallace, Brewer and Crawford',25.30,'2022-05-05',0),(494,77,'Carlson, Fry and Brock',684.30,'2022-07-15',1),(495,77,'Mathews Ltd',6.72,'2024-12-19',0),(496,78,'Reese-George',330.23,'2023-09-20',0),(497,78,'Taylor Inc',801.04,'2024-02-07',0),(498,79,'Morgan, Mccoy and Fleming',192.54,'2024-10-17',1),(499,79,'Blair-Smith',537.54,'2023-12-09',0),(500,79,'Kemp-Thompson',872.74,'2022-11-13',0),(501,79,'Mason and Sons',576.12,'2024-06-21',1),(502,80,'Burns-Phelps',153.11,'2024-06-30',0),(503,80,'Wallace, Baker and Cooper',623.97,'2022-09-04',0),(504,80,'Collins-Williams',935.36,'2022-08-09',0),(505,80,'Smith Inc',684.62,'2024-11-27',1),(506,80,'Williams, Paul and Kennedy',900.73,'2024-10-16',1),(507,80,'Sanchez-Haynes',605.49,'2023-11-22',0),(508,80,'Adams and Sons',928.96,'2024-03-07',0),(509,80,'Burton-Robinson',944.29,'2022-05-15',0),(510,80,'King, Flores and Smith',249.99,'2022-10-17',1),(511,80,'Sparks Group',960.59,'2024-10-02',1),(512,81,'Russell-Lopez',46.38,'2022-05-01',0),(513,81,'Cunningham and Sons',811.85,'2022-07-22',0),(514,81,'Perkins, Bennett and Schroeder',665.20,'2023-10-19',0),(515,81,'Simmons-Clarke',758.14,'2023-02-16',0),(516,81,'King, Wood and Miller',323.71,'2024-07-06',1),(517,81,'Bailey Group',296.49,'2024-05-23',0),(518,81,'Brooks-Mcpherson',437.96,'2022-06-18',0),(519,81,'Taylor, Ayers and Lawson',28.71,'2022-08-02',0),(520,82,'Hawkins Ltd',486.68,'2024-03-07',0),(521,82,'Murphy-Martin',500.13,'2023-08-12',0),(522,82,'Crawford-Ponce',529.91,'2022-03-27',1),(523,82,'Riddle, Shaffer and Fitzpatrick',947.05,'2023-09-21',1),(524,82,'Williams, Jones and Brown',642.73,'2022-04-09',0),(525,82,'Haney Inc',51.97,'2023-09-13',0),(526,82,'Frazier-Curtis',192.30,'2022-04-18',0),(527,82,'Hunter PLC',739.85,'2024-12-09',1),(528,82,'Archer-Cortez',511.20,'2022-04-02',1),(529,82,'Alexander PLC',103.16,'2023-01-16',1),(530,83,'Henry-Melendez',77.60,'2023-02-21',0),(531,83,'Huff-Ward',210.70,'2022-02-01',0),(532,83,'Ball-Sullivan',922.48,'2023-02-26',0),(533,83,'Monroe-Sims',924.69,'2022-01-10',1),(534,83,'Lam, Trujillo and Shea',661.30,'2023-11-09',1),(535,83,'Williams-Chen',987.15,'2023-04-13',0),(536,83,'Fox and Sons',918.00,'2024-04-03',0),(537,84,'Walsh-Lewis',145.96,'2023-05-20',0),(538,84,'Davis-Lara',882.54,'2024-05-15',0),(539,84,'Delacruz-Russell',208.85,'2023-07-13',0),(540,84,'Dominguez PLC',691.83,'2024-05-01',0),(541,85,'Rodriguez, Scott and Lee',281.70,'2023-01-24',0),(542,85,'Ramirez, Garcia and Castillo',257.16,'2022-01-22',0),(543,85,'Mckenzie, Smith and Foster',46.59,'2024-07-08',1),(544,85,'Johnson, Coleman and Maldonado',664.65,'2023-04-02',0),(545,85,'Blevins-Martinez',639.41,'2022-08-25',1),(546,85,'Dean-Kelley',902.71,'2024-09-27',0),(547,85,'Orr-Cole',187.44,'2023-11-02',1),(548,85,'Ayers, Roberts and Woodard',943.79,'2023-06-10',0),(549,86,'Rodriguez-Smith',538.58,'2023-08-07',0),(550,86,'Morales, Randolph and Martin',112.95,'2022-09-02',0),(551,86,'Davis, Sherman and Terry',823.76,'2023-02-18',0),(552,86,'Clark-Roberts',556.98,'2024-10-16',1),(553,86,'Chavez and Sons',131.48,'2022-03-15',0),(554,86,'Wright-Smith',481.43,'2022-08-17',1),(555,87,'Thompson-Mccarty',833.93,'2023-01-13',0),(556,87,'Gonzalez, Powell and Ayala',763.73,'2022-05-19',1),(557,88,'Lopez-Martin',617.24,'2024-06-16',1),(558,88,'Hall, Pacheco and Carlson',444.81,'2022-03-26',1),(559,88,'Mills PLC',769.71,'2023-10-14',0),(560,88,'Ramirez-Daniels',570.96,'2022-11-09',0),(561,88,'Fleming, Williams and Mitchell',860.19,'2023-05-29',1),(562,88,'Ayala-Blackwell',353.37,'2023-02-15',0),(563,88,'Hunter, Lyons and Anderson',394.36,'2022-11-10',0),(564,88,'Bowman PLC',508.07,'2023-04-07',1),(565,89,'Mclaughlin, Terry and Rodriguez',339.21,'2024-06-17',0),(566,89,'Thomas-York',871.98,'2022-05-23',1),(567,89,'Christensen-Coffey',603.65,'2023-08-13',1),(568,89,'Smith Ltd',147.65,'2023-10-13',0),(569,89,'Gutierrez Group',115.81,'2022-05-14',0),(570,90,'Johnson, Yoder and Barnes',536.60,'2022-12-14',0),(571,90,'Rojas Group',373.52,'2022-10-21',0),(572,90,'Harper Group',685.90,'2022-01-13',0),(573,90,'Hall Ltd',8.40,'2022-04-30',0),(574,90,'Richards, Evans and Boyd',769.85,'2022-09-03',1),(575,90,'Bray-Allen',763.37,'2022-03-14',0),(576,90,'Collins-Tran',24.69,'2024-09-02',0),(577,90,'Coleman-Allen',286.06,'2024-03-03',0),(578,90,'Richardson-Mclaughlin',910.69,'2023-05-02',0),(579,90,'Taylor, Bruce and Dean',614.55,'2023-12-08',0),(580,91,'Jimenez-Stark',919.83,'2022-11-10',0),(581,91,'Kramer Inc',538.77,'2024-01-08',1),(582,91,'Eaton, Bernard and Jimenez',148.69,'2022-12-24',0),(583,91,'Watson, Johnson and Pace',999.14,'2022-11-25',0),(584,91,'Miller and Sons',741.31,'2024-06-03',0),(585,91,'Wilson-Brown',148.26,'2024-07-30',0),(586,91,'Levy-Brown',712.13,'2023-04-10',0),(587,91,'Simpson, Riley and Eaton',129.40,'2023-12-24',1),(588,91,'Ochoa and Sons',942.17,'2024-05-12',0),(589,92,'Reyes, Richardson and Hernandez',734.78,'2024-06-28',0),(590,92,'Williams PLC',466.20,'2023-11-23',0),(591,92,'Stewart, Novak and Thomas',667.05,'2022-09-30',1),(592,92,'Turner-Butler',249.78,'2023-01-27',1),(593,92,'Parks-Pearson',948.26,'2024-01-15',0),(594,92,'Underwood Ltd',550.46,'2024-04-16',0),(595,92,'Cooper, Rubio and Ferguson',645.78,'2023-03-14',0),(596,92,'Williams-Wilson',145.62,'2022-08-11',0),(597,92,'Sparks and Sons',303.82,'2024-04-24',0),(598,93,'Jennings-Scott',221.09,'2022-11-17',0),(599,93,'Hernandez, Walker and Huber',937.44,'2024-06-03',1),(600,93,'Combs Ltd',943.48,'2022-02-18',1),(601,93,'Day and Sons',389.04,'2022-12-19',0),(602,93,'Horne, Brewer and Rivera',983.71,'2022-11-16',0),(603,94,'Harris Group',154.93,'2023-10-11',0),(604,94,'Anderson-Andersen',249.47,'2022-09-25',0),(605,94,'Taylor PLC',319.63,'2024-12-22',0),(606,94,'Morrison, Ruiz and Shepherd',677.81,'2022-05-14',0),(607,94,'Watkins, Fernandez and Stevens',26.36,'2022-04-19',0),(608,95,'Brooks PLC',316.73,'2024-01-01',1),(609,95,'Davis, Wood and Martin',744.87,'2023-03-13',0),(610,95,'Holmes-Nguyen',841.48,'2024-01-14',0),(611,96,'Kennedy, Baker and English',477.71,'2022-12-25',0),(612,96,'Butler-Guzman',306.72,'2022-11-24',1),(613,96,'Smith-White',167.44,'2022-08-31',0),(614,96,'Thompson-Smith',162.49,'2024-08-19',0),(615,96,'Green, Jackson and Simpson',691.51,'2023-05-26',0),(616,96,'Hale, Walker and Schwartz',665.55,'2022-10-28',0),(617,96,'Huber Group',101.58,'2022-03-22',1),(618,96,'Diaz, Phillips and Patterson',880.83,'2024-08-26',0),(619,96,'Copeland, Perkins and Campbell',479.50,'2022-02-10',0),(620,97,'King-Gregory',586.97,'2023-01-08',0),(621,97,'Wilson, Flores and Williams',894.52,'2024-10-04',0),(622,97,'Flores Inc',886.18,'2022-06-24',0),(623,97,'Perry, Taylor and Williams',73.55,'2022-10-04',0),(624,97,'Kline, Boyle and Williams',678.99,'2022-11-03',0),(625,97,'Webb, Murray and Singh',992.93,'2023-02-08',0),(626,97,'Gomez-Weaver',295.89,'2022-06-20',0),(627,97,'Mitchell-Nolan',604.80,'2024-10-10',0),(628,97,'Davis LLC',623.75,'2024-05-05',1),(629,98,'Wells Ltd',852.00,'2023-01-29',0),(630,98,'Price Group',982.13,'2022-02-18',0),(631,98,'Guerra-Wilson',321.97,'2022-12-08',0),(632,98,'Holloway LLC',651.16,'2023-09-20',0),(633,98,'Francis-Cook',451.69,'2024-06-05',0),(634,98,'Houston Group',45.25,'2024-07-27',0),(635,98,'Olson, Lin and Terrell',336.25,'2022-03-06',1),(636,99,'Miranda and Sons',735.97,'2022-02-09',0),(637,99,'Ruiz, Brown and Garcia',383.77,'2024-08-20',0),(638,100,'Rodriguez-Haney',40.80,'2023-07-08',0),(639,100,'Lewis and Sons',338.96,'2024-11-15',0),(640,100,'Harris, Morgan and Brown',410.16,'2023-12-02',1),(641,100,'Brown, Robinson and Gonzalez',943.19,'2023-06-20',1),(642,100,'Brown, White and Wright',491.39,'2023-07-01',0),(643,100,'Archer, Carr and Hogan',913.79,'2022-06-23',0),(644,100,'Hamilton-Carroll',862.17,'2022-08-21',0),(645,100,'Lee, Shelton and Pacheco',811.70,'2022-08-08',1),(646,101,'Carlson, Foster and Barr',181.22,'2022-05-14',1),(647,101,'Cooley, Lopez and Cox',574.05,'2023-05-01',0),(648,101,'Robbins-Robinson',864.37,'2022-01-20',0),(649,102,'Parker PLC',870.81,'2022-05-25',1),(650,102,'Johnson Inc',584.84,'2024-08-01',0),(651,102,'Brown PLC',787.20,'2022-08-05',0),(652,102,'Wade, Frost and Smith',60.89,'2022-10-12',1),(653,102,'Mccarthy LLC',918.41,'2022-06-16',1),(654,102,'Wilson Ltd',96.25,'2022-07-07',0),(655,102,'Bailey-Smith',435.80,'2023-04-23',1),(656,103,'Young and Sons',718.39,'2024-03-03',0),(657,103,'Kennedy-Mason',627.32,'2023-01-30',0),(658,104,'Parker, Kaufman and Mccormick',709.70,'2024-10-11',1),(659,104,'Garcia Inc',471.86,'2022-05-06',0),(660,104,'Thompson, Santiago and Hodge',189.00,'2022-01-13',0),(661,104,'Dalton-Bass',179.97,'2023-02-09',0),(662,104,'Myers, Friedman and Kaufman',148.17,'2023-01-23',0),(663,105,'Daugherty, Alvarez and Walker',192.26,'2023-10-21',1),(664,105,'Marshall and Sons',166.61,'2023-08-31',0),(665,105,'Bridges-Day',509.12,'2023-08-08',1),(666,106,'Collins-Rollins',254.70,'2023-12-08',1),(667,106,'Johnson-Williams',532.90,'2023-05-31',0),(668,106,'Flynn, Daugherty and Arias',755.53,'2022-05-13',0),(669,106,'Cruz LLC',67.47,'2023-12-06',0),(670,106,'Miller, Young and Sanchez',621.75,'2024-05-30',0),(671,106,'Brown, Hendricks and Garner',675.66,'2024-07-02',0),(672,106,'Rodriguez-Stone',977.28,'2022-06-30',0),(673,106,'Le and Sons',590.20,'2024-01-11',0);
/*!40000 ALTER TABLE `cardtransactions` ENABLE KEYS */;
UNLOCK TABLES;

--
-- Table structure for table `customers`
--

DROP TABLE IF EXISTS `customers`;
/*!40101 SET @saved_cs_client     = @@character_set_client */;
/*!50503 SET character_set_client = utf8mb4 */;
CREATE TABLE `customers` (
  `CustomerID` int NOT NULL,
  `Name` varchar(100) DEFAULT NULL,
  `DOB` date DEFAULT NULL,
  `Region` varchar(100) DEFAULT NULL,
  `KYCStatus` varchar(20) DEFAULT NULL,
  PRIMARY KEY (`CustomerID`)
) ENGINE=InnoDB DEFAULT CHARSET=utf8mb4 COLLATE=utf8mb4_0900_ai_ci;
/*!40101 SET character_set_client = @saved_cs_client */;

--
-- Dumping data for table `customers`
--

LOCK TABLES `customers` WRITE;
/*!40000 ALTER TABLE `customers` DISABLE KEYS */;
INSERT INTO `customers` VALUES (1,'Peggy Fox','1988-02-19','Vermont','Rejected'),(2,'George Peterson','2004-08-29','Pennsylvania','Pending'),(3,'Heather Harris','1969-12-09','Florida','Pending'),(4,'Randy Stevens','2005-03-19','New York','Rejected'),(5,'Larry Barr','2000-07-04','West Virginia','Pending'),(6,'Daniel Garcia','1975-04-20','Iowa','Verified'),(7,'Cathy Ray','2000-01-03','Wisconsin','Pending'),(8,'Jessica Tran','1988-01-27','Arkansas','Verified'),(9,'David Thompson','1968-02-27','Alabama','Verified'),(10,'Jean Mckay','1975-03-15','Arkansas','Rejected'),(11,'Edward Watson','1993-03-18','Maine','Rejected'),(12,'Caleb James','1976-07-27','Indiana','Rejected'),(13,'Warren Mayer','1988-07-03','Rhode Island','Pending'),(14,'Keith Ramsey','1960-07-27','Nevada','Rejected'),(15,'Margaret Munoz','1978-12-19','California','Rejected'),(16,'Abigail Hayes','1979-04-23','Indiana','Pending'),(17,'Howard Davidson','2003-04-03','Illinois','Rejected'),(18,'Gail Ali','1997-05-27','Nevada','Pending'),(19,'Christopher Flowers','1968-10-04','Oklahoma','Pending'),(20,'Timothy Bennett','1974-03-15','Washington','Verified'),(21,'Matthew Howard','1998-12-02','Massachusetts','Verified'),(22,'Levi Jackson','1986-08-15','Florida','Rejected'),(23,'Mr. Benjamin Choi','1979-03-12','Pennsylvania','Pending'),(24,'Samantha Erickson','1999-01-01','Idaho','Verified'),(25,'Daniel Young','1962-03-08','South Carolina','Verified'),(26,'Lauren Andrews','1992-05-19','Oklahoma','Verified'),(27,'Michael Anderson','1958-03-31','Kentucky','Verified'),(28,'James Grant','1975-10-13','Missouri','Rejected'),(29,'Lisa Aguirre','2006-10-24','Virginia','Verified'),(30,'Jodi Taylor','1965-02-08','West Virginia','Rejected'),(31,'Michael Smith','1991-05-17','Oklahoma','Pending'),(32,'Patrick Allen DVM','1958-01-02','Vermont','Rejected'),(33,'Breanna Fitzgerald','1962-08-25','Indiana','Verified'),(34,'Kimberly Gutierrez','1992-10-12','Virginia','Pending'),(35,'Stephanie Garcia','1962-05-18','Florida','Pending'),(36,'Amy Lopez','1965-06-04','New York','Rejected'),(37,'Adriana Pacheco','1958-11-07','Hawaii','Pending'),(38,'Wayne Tucker','2003-06-26','Nevada','Rejected'),(39,'Chad Kelly','1961-01-27','Virginia','Pending'),(40,'Lauren Chaney','1962-07-27','Alabama','Rejected'),(41,'James Smith','2005-06-12','Oregon','Verified'),(42,'Justin Robinson','1984-04-08','Idaho','Rejected'),(43,'Karen Todd','1961-08-11','Oklahoma','Rejected'),(44,'Billy Porter','1982-06-01','Idaho','Verified'),(45,'Larry West','1988-07-24','Missouri','Rejected'),(46,'Paula Larson','2004-12-16','Missouri','Rejected'),(47,'Jonathan Vargas','1982-06-29','Hawaii','Pending'),(48,'Brandon Romero','1965-04-05','Arizona','Rejected'),(49,'Savannah Bolton','1967-06-02','Maryland','Pending'),(50,'Rebecca Frost','1966-08-07','New Mexico','Verified'),(51,'Jerry Mccarthy','2003-03-04','North Dakota','Pending'),(52,'Sheila Fernandez','1963-05-23','Utah','Pending'),(53,'Monica Nelson','1994-06-06','Nebraska','Verified'),(54,'Danielle Key','2006-01-29','Maine','Pending'),(55,'Sharon Noble','1995-03-03','Maryland','Verified'),(56,'Richard Ellis','1966-01-09','Vermont','Rejected'),(57,'Kyle Rios','1987-03-21','Arizona','Rejected'),(58,'William Chan','1997-05-17','Pennsylvania','Pending'),(59,'Mariah Chapman','2003-10-29','Wisconsin','Rejected'),(60,'Russell Sanchez','1996-01-08','Utah','Verified'),(61,'Nicholas Hancock','1956-06-15','Wisconsin','Rejected'),(62,'Troy Daniel','1970-03-10','New Hampshire','Verified'),(63,'Ryan Meyer','1960-03-30','Missouri','Rejected'),(64,'Richard Diaz','1968-03-10','Oregon','Pending'),(65,'Mason Keith','1976-02-01','Texas','Rejected'),(66,'Judith Foster','2003-09-29','New Jersey','Rejected'),(67,'Ryan Atkinson','1966-12-25','Alaska','Rejected'),(68,'Melissa Owen','1977-05-23','North Carolina','Verified'),(69,'Rebecca Wilson','1999-11-03','Nevada','Verified'),(70,'Jeffery Ramos','1970-06-21','Utah','Pending'),(71,'Heather Ramirez','1968-06-18','Minnesota','Verified'),(72,'Katherine Franco','1957-11-20','Arkansas','Rejected'),(73,'Michael Reynolds','1994-01-15','Texas','Rejected'),(74,'Kevin Hudson','1967-06-24','Illinois','Verified'),(75,'Allison Summers','1976-06-24','California','Rejected'),(76,'Suzanne Dennis','1966-12-29','Oregon','Pending'),(77,'Mrs. Samantha Johnson','1988-01-10','Maryland','Pending'),(78,'Kimberly Hendricks','1974-05-11','Minnesota','Verified'),(79,'Tracy Bryan','1993-07-24','Massachusetts','Verified'),(80,'Rebecca Hill','1965-01-26','Indiana','Pending'),(81,'Jeffrey Rhodes','1963-11-10','New Mexico','Pending'),(82,'Melissa Gray','2001-08-03','Ohio','Verified'),(83,'Lisa Brown','1967-11-13','Utah','Verified'),(84,'Mary Henry','1989-04-16','Rhode Island','Verified'),(85,'Angela Jones DDS','1996-08-20','Michigan','Rejected'),(86,'Kim Bush','1999-02-03','Indiana','Verified'),(87,'Albert Fletcher','1959-10-22','California','Verified'),(88,'Kimberly Castro','1981-09-29','New Mexico','Rejected'),(89,'Heather Brennan','1960-07-05','Kansas','Pending'),(90,'Jonathan Barry','1965-10-02','Hawaii','Verified'),(91,'Christopher Sampson','1996-06-23','Michigan','Rejected'),(92,'Tiffany Allen','1996-08-17','North Dakota','Verified'),(93,'Brian Thomas','1973-12-19','New Jersey','Verified'),(94,'Nicole Bradshaw','1999-01-15','Wyoming','Rejected'),(95,'Kimberly Lynch','1972-05-09','West Virginia','Pending'),(96,'Stacy Mason','1990-09-27','Texas','Rejected'),(97,'Kellie Carey','2007-02-01','North Carolina','Verified'),(98,'Jennifer Le','1977-08-21','Pennsylvania','Pending'),(99,'Andrew Perkins','1984-09-14','Kentucky','Rejected'),(100,'Jenna Thomas','1983-02-13','South Dakota','Rejected');
/*!40000 ALTER TABLE `customers` ENABLE KEYS */;
UNLOCK TABLES;

--
-- Table structure for table `employees`
--

DROP TABLE IF EXISTS `employees`;
/*!40101 SET @saved_cs_client     = @@character_set_client */;
/*!50503 SET character_set_client = utf8mb4 */;
CREATE TABLE `employees` (
  `EmployeeID` int NOT NULL,
  `Name` varchar(100) DEFAULT NULL,
  `Role` varchar(100) DEFAULT NULL,
  `BranchID` int DEFAULT NULL,
  `Department` varchar(50) DEFAULT NULL,
  PRIMARY KEY (`EmployeeID`),
  KEY `BranchID` (`BranchID`),
  CONSTRAINT `employees_ibfk_1` FOREIGN KEY (`BranchID`) REFERENCES `branches` (`BranchID`)
) ENGINE=InnoDB DEFAULT CHARSET=utf8mb4 COLLATE=utf8mb4_0900_ai_ci;
/*!40101 SET character_set_client = @saved_cs_client */;

--
-- Dumping data for table `employees`
--

LOCK TABLES `employees` WRITE;
/*!40000 ALTER TABLE `employees` DISABLE KEYS */;
INSERT INTO `employees` VALUES (1,'Phyllis Collins','Counselling psychologist',2,'IT'),(2,'Eric Johnson','Chartered certified accountant',5,'HR'),(3,'Ryan Robbins','Heritage manager',4,'HR'),(4,'Alexander Johnson','Surveyor, commercial/residential',2,'Ops'),(5,'Crystal Singh','Insurance account manager',9,'IT'),(6,'Samantha Stewart','Licensed conveyancer',10,'Retail'),(7,'Sarah Ramos','Gaffer',1,'IT'),(8,'Daniel Flynn','Orthoptist',2,'HR'),(9,'Jeffrey Nelson','Purchasing manager',4,'Risk'),(10,'David Thomas','Warden/ranger',10,'IT'),(11,'Joseph Brooks','Hospital pharmacist',9,'HR'),(12,'Amber Smith','Scientist, water quality',9,'Retail'),(13,'Teresa Williams','Lecturer, higher education',4,'Retail'),(14,'Paul Castillo','Civil engineer, consulting',10,'Compliance'),(15,'Brittany Pollard','Scientist, product/process development',1,'HR'),(16,'Danielle Martinez','Psychotherapist, child',7,'Compliance'),(17,'Jorge Mayo','Associate Professor',5,'HR'),(18,'George Henry','Risk analyst',4,'Compliance'),(19,'Ashley Conley','Solicitor, Scotland',2,'IT'),(20,'Mary Rodriguez','Administrator, Civil Service',7,'IT'),(21,'Clifford Robinson','Embryologist, clinical',6,'Compliance'),(22,'Krystal Larson','Youth worker',10,'Compliance'),(23,'Maria Stevens','Environmental manager',1,'Ops'),(24,'Shaun Petty','Landscape architect',8,'Risk'),(25,'John Huff','Logistics and distribution manager',2,'Retail'),(26,'Nicholas Sims','Dispensing optician',2,'Risk'),(27,'Gina Willis','Clinical scientist, histocompatibility and immunogenetics',5,'Ops'),(28,'Derek Crawford','Orthoptist',10,'Compliance'),(29,'Tammy Wilson','Medical laboratory scientific officer',10,'HR'),(30,'Kevin Williams DDS','Radio producer',2,'IT'),(31,'Adrian Lawson','Psychotherapist, dance movement',4,'Compliance'),(32,'Karla Price','Insurance underwriter',2,'HR'),(33,'Diane Martin','Equities trader',2,'Retail'),(34,'Natasha Maxwell','Conservation officer, nature',5,'Retail'),(35,'Olivia Brown','Public house manager',6,'HR'),(36,'Justin Spears','Planning and development surveyor',6,'Compliance'),(37,'Heather Ward','Herbalist',4,'Ops'),(38,'Julie Weaver','Teacher, secondary school',5,'Ops'),(39,'Priscilla Mitchell','Scientist, research (medical)',2,'Risk'),(40,'Karen Bell','Call centre manager',3,'Risk'),(41,'Amanda Martinez','Soil scientist',4,'HR'),(42,'Catherine Mcguire','Mudlogger',8,'Retail'),(43,'Angela Bush','Counsellor',5,'Ops'),(44,'Melissa Mclaughlin','Hospital pharmacist',9,'HR'),(45,'Tyler Stevenson','Neurosurgeon',6,'IT'),(46,'Katie Newman','Engineer, water',4,'IT'),(47,'Steve Williams','Materials engineer',6,'Retail'),(48,'Catherine Miller','Television/film/video producer',5,'IT'),(49,'Michelle Thompson','Advertising account executive',4,'Risk'),(50,'Valerie Mullen','Investment banker, corporate',6,'HR');
/*!40000 ALTER TABLE `employees` ENABLE KEYS */;
UNLOCK TABLES;

--
-- Table structure for table `loans`
--

DROP TABLE IF EXISTS `loans`;
/*!40101 SET @saved_cs_client     = @@character_set_client */;
/*!50503 SET character_set_client = utf8mb4 */;
CREATE TABLE `loans` (
  `LoanID` int NOT NULL,
  `CustomerID` int DEFAULT NULL,
  `LoanType` varchar(20) DEFAULT NULL,
  `Amount` decimal(12,2) DEFAULT NULL,
  `StartDate` date DEFAULT NULL,
  `Status` varchar(20) DEFAULT NULL,
  PRIMARY KEY (`LoanID`),
  KEY `CustomerID` (`CustomerID`),
  CONSTRAINT `loans_ibfk_1` FOREIGN KEY (`CustomerID`) REFERENCES `customers` (`CustomerID`)
) ENGINE=InnoDB DEFAULT CHARSET=utf8mb4 COLLATE=utf8mb4_0900_ai_ci;
/*!40101 SET character_set_client = @saved_cs_client */;

--
-- Dumping data for table `loans`
--

LOCK TABLES `loans` WRITE;
/*!40000 ALTER TABLE `loans` DISABLE KEYS */;
INSERT INTO `loans` VALUES (1,1,'Auto',4822.01,'2022-04-29','Closed'),(2,2,'Personal',25800.81,'2024-06-15','Defaulted'),(3,5,'Personal',66416.87,'2021-10-23','Closed'),(4,7,'Home',44551.02,'2024-03-11','Closed'),(5,8,'Auto',48540.58,'2022-10-28','Defaulted'),(6,9,'Home',58377.46,'2023-11-04','Active'),(7,10,'Personal',55593.34,'2023-03-04','Active'),(8,11,'Auto',76831.71,'2023-05-21','Closed'),(9,12,'Auto',13595.03,'2024-03-09','Defaulted'),(10,13,'Personal',65941.84,'2021-01-16','Active'),(11,14,'Home',19241.29,'2022-11-25','Defaulted'),(12,17,'Personal',23567.29,'2021-04-08','Defaulted'),(13,20,'Auto',54503.69,'2021-01-07','Active'),(14,22,'Home',51186.86,'2022-10-29','Active'),(15,24,'Auto',57466.22,'2022-05-13','Defaulted'),(16,25,'Personal',43221.06,'2020-09-03','Closed'),(17,26,'Auto',61089.71,'2020-10-30','Closed'),(18,27,'Auto',89841.83,'2024-05-07','Closed'),(19,28,'Auto',62569.72,'2021-02-14','Active'),(20,29,'Auto',93100.54,'2024-02-16','Defaulted'),(21,30,'Personal',21936.49,'2023-02-24','Closed'),(22,35,'Home',38505.13,'2022-05-10','Defaulted'),(23,36,'Personal',15857.39,'2023-09-02','Defaulted'),(24,37,'Home',95903.89,'2021-04-13','Active'),(25,43,'Personal',80022.35,'2023-05-15','Defaulted'),(26,44,'Personal',52513.26,'2022-04-13','Closed'),(27,45,'Personal',30013.47,'2021-12-22','Active'),(28,46,'Auto',23858.18,'2022-12-03','Closed'),(29,48,'Home',45055.74,'2023-01-23','Closed'),(30,49,'Auto',56485.26,'2024-07-08','Active'),(31,53,'Auto',23746.57,'2021-12-11','Active'),(32,55,'Auto',67736.41,'2021-01-12','Defaulted'),(33,56,'Auto',79789.74,'2021-08-02','Closed'),(34,57,'Home',41441.78,'2020-08-12','Defaulted'),(35,64,'Home',42443.93,'2021-07-22','Defaulted'),(36,66,'Home',13513.40,'2024-02-15','Active'),(37,68,'Home',99003.41,'2022-03-24','Active'),(38,71,'Auto',36082.41,'2021-07-30','Closed'),(39,73,'Auto',12783.93,'2024-07-23','Closed'),(40,77,'Personal',92151.65,'2021-05-08','Closed'),(41,81,'Auto',70311.26,'2021-03-17','Defaulted'),(42,82,'Personal',91717.84,'2020-12-23','Defaulted'),(43,83,'Home',59761.78,'2020-11-25','Closed'),(44,85,'Auto',44420.12,'2021-08-28','Defaulted'),(45,87,'Home',23994.09,'2022-07-31','Closed'),(46,88,'Personal',52250.09,'2023-05-19','Defaulted'),(47,91,'Auto',39022.71,'2020-11-10','Active'),(48,93,'Personal',88356.03,'2021-12-19','Defaulted'),(49,94,'Personal',28547.37,'2021-07-12','Defaulted'),(50,95,'Auto',29194.30,'2021-01-20','Active'),(51,96,'Auto',44452.76,'2021-06-19','Active'),(52,97,'Auto',98891.75,'2020-10-21','Active'),(53,100,'Home',55664.18,'2022-11-26','Defaulted');
/*!40000 ALTER TABLE `loans` ENABLE KEYS */;
UNLOCK TABLES;

--
-- Table structure for table `transactions`
--

DROP TABLE IF EXISTS `transactions`;
/*!40101 SET @saved_cs_client     = @@character_set_client */;
/*!50503 SET character_set_client = utf8mb4 */;
CREATE TABLE `transactions` (
  `TransactionID` int NOT NULL,
  `AccountID` int DEFAULT NULL,
  `Date` date DEFAULT NULL,
  `Type` varchar(20) DEFAULT NULL,
  `Amount` decimal(10,2) DEFAULT NULL,
  `Channel` varchar(20) DEFAULT NULL,
  PRIMARY KEY (`TransactionID`),
  KEY `AccountID` (`AccountID`),
  CONSTRAINT `transactions_ibfk_1` FOREIGN KEY (`AccountID`) REFERENCES `accounts` (`AccountID`)
) ENGINE=InnoDB DEFAULT CHARSET=utf8mb4 COLLATE=utf8mb4_0900_ai_ci;
/*!40101 SET character_set_client = @saved_cs_client */;

--
-- Dumping data for table `transactions`
--

LOCK TABLES `transactions` WRITE;
/*!40000 ALTER TABLE `transactions` DISABLE KEYS */;
INSERT INTO `transactions` VALUES (1,1,'2024-07-30','Transfer',773.43,'Online'),(2,1,'2024-12-04','Transfer',1357.71,'Mobile'),(3,1,'2024-08-10','Withdrawal',4130.42,'Branch'),(4,1,'2023-10-23','Deposit',4155.35,'ATM'),(5,1,'2023-07-26','Withdrawal',1226.88,'Mobile'),(6,1,'2024-02-16','Withdrawal',153.21,'Branch'),(7,1,'2023-01-08','Withdrawal',1068.48,'Branch'),(8,1,'2023-11-29','Withdrawal',4402.80,'Branch'),(9,1,'2022-01-21','Transfer',4740.83,'ATM'),(10,1,'2023-05-10','Transfer',2038.08,'Online'),(11,1,'2024-09-02','Transfer',3562.09,'Mobile'),(12,1,'2022-02-05','Deposit',1478.24,'Mobile'),(13,1,'2023-05-14','Withdrawal',3323.16,'Branch'),(14,1,'2024-08-27','Transfer',2659.30,'Mobile'),(15,1,'2023-11-09','Withdrawal',3517.25,'Branch'),(16,1,'2023-09-20','Withdrawal',1160.38,'Online'),(17,2,'2022-09-02','Transfer',2683.96,'Online'),(18,2,'2023-01-28','Deposit',3695.64,'Branch'),(19,2,'2024-12-10','Transfer',1422.16,'ATM'),(20,2,'2023-02-02','Withdrawal',1145.14,'Online'),(21,2,'2023-09-12','Deposit',3543.01,'Online'),(22,2,'2023-07-16','Deposit',4871.73,'Branch'),(23,2,'2022-09-16','Transfer',4343.62,'Mobile'),(24,2,'2022-07-30','Deposit',2874.58,'Mobile'),(25,2,'2024-09-07','Withdrawal',1710.12,'ATM'),(26,2,'2023-06-02','Withdrawal',579.29,'ATM'),(27,2,'2024-03-31','Withdrawal',379.67,'ATM'),(28,2,'2022-11-07','Deposit',4057.60,'Branch'),(29,2,'2022-06-24','Deposit',601.07,'Mobile'),(30,2,'2023-04-08','Transfer',1908.09,'Mobile'),(31,2,'2023-09-01','Transfer',4950.26,'Branch'),(32,3,'2022-07-23','Deposit',3131.32,'Branch'),(33,3,'2022-06-16','Deposit',1206.93,'ATM'),(34,3,'2022-11-17','Deposit',2048.50,'Mobile'),(35,3,'2023-08-20','Deposit',1165.07,'Branch'),(36,3,'2024-07-18','Deposit',3440.05,'Branch'),(37,3,'2023-02-10','Withdrawal',582.73,'Online'),(38,4,'2023-06-29','Deposit',366.34,'Online'),(39,4,'2023-09-22','Transfer',3747.30,'Branch'),(40,4,'2024-06-18','Deposit',2348.80,'Branch'),(41,4,'2024-04-04','Withdrawal',2507.36,'Mobile'),(42,4,'2024-06-15','Deposit',2994.20,'Mobile'),(43,4,'2023-10-23','Transfer',1259.34,'ATM'),(44,4,'2023-04-14','Transfer',4181.43,'ATM'),(45,4,'2023-07-06','Transfer',210.76,'Online'),(46,4,'2024-08-21','Transfer',3261.03,'Branch'),(47,5,'2024-06-11','Transfer',4073.08,'ATM'),(48,5,'2024-08-20','Withdrawal',2047.66,'Branch'),(49,5,'2022-08-03','Deposit',1655.72,'Mobile'),(50,5,'2023-08-14','Transfer',4726.52,'ATM'),(51,5,'2024-07-20','Deposit',1579.44,'Branch'),(52,5,'2022-08-26','Withdrawal',4325.90,'ATM'),(53,5,'2024-08-04','Withdrawal',280.48,'Branch'),(54,5,'2024-10-17','Transfer',2215.78,'ATM'),(55,5,'2023-02-21','Withdrawal',2750.61,'Branch'),(56,5,'2024-06-16','Transfer',2428.71,'ATM'),(57,6,'2022-11-21','Withdrawal',2758.69,'Mobile'),(58,6,'2022-07-10','Deposit',4961.36,'ATM'),(59,6,'2024-08-03','Deposit',3242.07,'Online'),(60,6,'2024-10-17','Transfer',1466.39,'Branch'),(61,6,'2024-04-30','Withdrawal',4901.42,'Online'),(62,6,'2024-07-24','Transfer',731.76,'Online'),(63,6,'2024-11-06','Transfer',4397.84,'ATM'),(64,6,'2023-07-20','Withdrawal',1705.98,'Branch'),(65,6,'2022-01-06','Withdrawal',3632.99,'Mobile'),(66,6,'2022-11-01','Withdrawal',2697.52,'Branch'),(67,6,'2023-11-12','Transfer',3816.73,'Mobile'),(68,6,'2024-07-21','Withdrawal',4349.31,'Online'),(69,7,'2023-04-24','Withdrawal',227.80,'Mobile'),(70,7,'2024-02-20','Withdrawal',4942.19,'Online'),(71,7,'2024-10-11','Deposit',639.97,'Branch'),(72,7,'2022-07-25','Withdrawal',507.56,'Mobile'),(73,7,'2022-02-01','Transfer',729.34,'Online'),(74,7,'2022-06-03','Withdrawal',3909.81,'Branch'),(75,7,'2023-11-25','Transfer',3466.60,'ATM'),(76,7,'2023-11-04','Transfer',4298.12,'Mobile'),(77,7,'2023-10-11','Transfer',3596.40,'Mobile'),(78,7,'2022-03-15','Transfer',351.42,'Branch'),(79,7,'2023-04-11','Transfer',460.99,'ATM'),(80,7,'2022-07-25','Withdrawal',840.16,'Branch'),(81,7,'2022-03-01','Deposit',1628.63,'ATM'),(82,7,'2023-08-24','Withdrawal',1880.46,'Online'),(83,7,'2023-05-16','Transfer',2066.14,'Online'),(84,7,'2022-12-15','Deposit',404.05,'Mobile'),(85,7,'2023-05-09','Withdrawal',4565.02,'Online'),(86,8,'2024-08-02','Transfer',1277.35,'Branch'),(87,8,'2022-01-20','Withdrawal',4507.04,'Online'),(88,8,'2022-06-01','Withdrawal',4726.73,'Branch'),(89,8,'2024-05-18','Transfer',1257.99,'Branch'),(90,8,'2023-02-12','Withdrawal',4268.14,'ATM'),(91,8,'2023-05-01','Withdrawal',2863.89,'Branch'),(92,8,'2023-08-28','Deposit',4889.94,'Mobile'),(93,8,'2023-07-17','Deposit',2833.99,'ATM'),(94,8,'2024-10-14','Withdrawal',3880.95,'Online'),(95,8,'2023-12-23','Deposit',3186.72,'Branch'),(96,8,'2022-10-08','Transfer',494.85,'ATM'),(97,8,'2023-09-25','Withdrawal',176.49,'Branch'),(98,9,'2022-07-04','Withdrawal',1640.33,'Mobile'),(99,9,'2022-12-26','Deposit',669.48,'Branch'),(100,9,'2024-12-23','Transfer',4568.30,'Online'),(101,9,'2023-06-11','Withdrawal',4837.25,'Branch'),(102,9,'2023-11-25','Deposit',2346.97,'ATM'),(103,9,'2022-10-16','Deposit',4302.10,'Mobile'),(104,9,'2024-01-20','Deposit',3955.50,'ATM'),(105,9,'2023-06-26','Transfer',626.71,'Branch'),(106,9,'2023-06-21','Transfer',1911.32,'Branch'),(107,10,'2023-04-24','Withdrawal',134.87,'Branch'),(108,10,'2023-03-30','Transfer',325.45,'Mobile'),(109,10,'2023-09-11','Transfer',2047.40,'Online'),(110,10,'2022-04-03','Deposit',1528.78,'Mobile'),(111,10,'2022-08-26','Deposit',1181.65,'Online'),(112,10,'2024-03-06','Withdrawal',1861.35,'Mobile'),(113,10,'2022-11-13','Withdrawal',3278.06,'Mobile'),(114,10,'2024-04-15','Withdrawal',173.25,'Branch'),(115,11,'2024-06-27','Withdrawal',4753.27,'Branch'),(116,11,'2022-07-23','Transfer',1843.00,'Branch'),(117,11,'2022-05-05','Withdrawal',1386.65,'ATM'),(118,11,'2024-07-20','Deposit',3317.22,'ATM'),(119,11,'2022-04-14','Withdrawal',1225.41,'Online'),(120,11,'2023-02-25','Deposit',4150.79,'Online'),(121,11,'2023-03-19','Deposit',1649.51,'Online'),(122,11,'2022-01-06','Withdrawal',4293.45,'Online'),(123,11,'2022-09-24','Transfer',1260.76,'Online'),(124,11,'2022-08-14','Transfer',4333.57,'Online'),(125,11,'2022-01-31','Withdrawal',3952.02,'Online'),(126,12,'2022-02-02','Deposit',1334.18,'Online'),(127,12,'2024-05-12','Transfer',577.11,'ATM'),(128,12,'2024-09-02','Withdrawal',3892.31,'ATM'),(129,12,'2024-07-14','Transfer',1115.53,'ATM'),(130,12,'2024-12-03','Withdrawal',2295.63,'ATM'),(131,12,'2022-05-05','Withdrawal',4238.02,'Mobile'),(132,12,'2022-08-10','Withdrawal',3564.88,'Mobile'),(133,12,'2022-05-31','Deposit',1617.34,'Online'),(134,12,'2022-05-15','Deposit',1382.33,'Branch'),(135,12,'2024-02-20','Transfer',2657.48,'Mobile'),(136,12,'2024-11-01','Transfer',2156.69,'ATM'),(137,12,'2023-03-17','Withdrawal',2263.26,'Online'),(138,12,'2024-04-27','Withdrawal',4138.82,'Mobile'),(139,12,'2024-05-01','Transfer',484.48,'Mobile'),(140,12,'2023-10-03','Transfer',1281.90,'Online'),(141,13,'2022-05-18','Deposit',4160.54,'ATM'),(142,13,'2024-06-03','Deposit',3725.50,'Branch'),(143,13,'2022-09-24','Transfer',309.31,'Branch'),(144,13,'2022-09-08','Withdrawal',1774.45,'Mobile'),(145,13,'2022-04-16','Withdrawal',3006.05,'Branch'),(146,13,'2022-08-01','Transfer',2541.99,'Online'),(147,13,'2024-09-14','Deposit',4237.90,'Branch'),(148,13,'2024-01-23','Deposit',3815.40,'Online'),(149,13,'2024-05-28','Transfer',4872.99,'ATM'),(150,13,'2023-07-02','Deposit',910.28,'Branch'),(151,13,'2023-11-27','Withdrawal',40.47,'Online'),(152,13,'2024-03-31','Deposit',717.95,'ATM'),(153,13,'2022-07-07','Transfer',2657.11,'Mobile'),(154,13,'2024-05-09','Withdrawal',1711.07,'Branch'),(155,13,'2023-10-01','Transfer',1628.67,'ATM'),(156,13,'2022-04-18','Deposit',795.48,'ATM'),(157,13,'2022-06-17','Withdrawal',2221.13,'Mobile'),(158,13,'2024-09-21','Transfer',2215.80,'Branch'),(159,13,'2023-03-18','Transfer',577.95,'Mobile'),(160,13,'2022-08-16','Withdrawal',3394.31,'Mobile'),(161,14,'2022-04-04','Deposit',1982.36,'ATM'),(162,14,'2022-01-16','Deposit',1514.08,'Online'),(163,14,'2022-10-09','Withdrawal',1454.34,'ATM'),(164,14,'2022-01-16','Withdrawal',3737.60,'Online'),(165,14,'2022-09-22','Withdrawal',2667.59,'Online'),(166,14,'2024-10-21','Transfer',4168.44,'Branch'),(167,14,'2022-05-28','Withdrawal',4310.20,'ATM'),(168,14,'2024-06-12','Deposit',2304.17,'ATM'),(169,14,'2023-10-04','Transfer',2152.13,'Mobile'),(170,14,'2024-05-05','Withdrawal',584.72,'ATM'),(171,14,'2023-10-28','Deposit',4008.60,'Mobile'),(172,14,'2024-01-12','Deposit',2189.19,'ATM'),(173,14,'2023-05-14','Withdrawal',2948.47,'ATM'),(174,14,'2024-03-21','Withdrawal',3731.57,'Online'),(175,15,'2022-12-11','Deposit',2557.31,'ATM'),(176,15,'2024-12-22','Transfer',977.58,'Branch'),(177,15,'2023-12-21','Transfer',4791.53,'Online'),(178,15,'2023-04-29','Deposit',740.76,'Online'),(179,15,'2022-12-22','Transfer',772.82,'ATM'),(180,15,'2022-12-29','Transfer',2475.64,'Mobile'),(181,15,'2023-10-24','Transfer',1587.53,'Mobile'),(182,15,'2022-05-20','Withdrawal',2216.62,'Branch'),(183,15,'2023-07-17','Transfer',290.30,'ATM'),(184,15,'2023-09-28','Withdrawal',2265.05,'ATM'),(185,15,'2024-01-26','Withdrawal',392.89,'ATM'),(186,15,'2024-11-04','Withdrawal',2318.93,'ATM'),(187,15,'2024-07-10','Transfer',3262.67,'Branch'),(188,15,'2024-09-01','Transfer',762.80,'ATM'),(189,15,'2024-07-11','Deposit',4056.72,'Branch'),(190,16,'2024-10-30','Transfer',871.07,'Online'),(191,16,'2024-06-15','Withdrawal',2625.10,'Online'),(192,16,'2024-01-16','Withdrawal',4590.50,'Mobile'),(193,16,'2024-04-17','Withdrawal',3397.70,'ATM'),(194,16,'2023-11-17','Deposit',1655.16,'Mobile'),(195,16,'2023-08-05','Withdrawal',3621.43,'Online'),(196,16,'2023-11-14','Deposit',2917.87,'Online'),(197,17,'2023-09-28','Transfer',3495.42,'Mobile'),(198,17,'2022-09-22','Transfer',3547.08,'ATM'),(199,17,'2023-09-27','Transfer',1889.63,'Branch'),(200,17,'2022-09-19','Transfer',3517.13,'ATM'),(201,17,'2024-05-17','Transfer',1815.52,'Branch'),(202,17,'2023-09-25','Deposit',4756.33,'Branch'),(203,17,'2024-09-22','Deposit',1140.45,'Online'),(204,17,'2022-11-14','Deposit',1486.00,'ATM'),(205,17,'2024-11-05','Transfer',4177.25,'ATM'),(206,17,'2023-11-21','Transfer',663.93,'Mobile'),(207,17,'2022-11-12','Deposit',912.42,'Online'),(208,17,'2024-06-15','Deposit',2060.18,'Online'),(209,17,'2024-06-28','Transfer',1431.79,'Mobile'),(210,17,'2023-04-25','Transfer',1203.45,'Mobile'),(211,17,'2023-02-02','Withdrawal',3394.75,'Mobile'),(212,17,'2024-08-03','Withdrawal',3892.84,'Mobile'),(213,18,'2023-02-13','Transfer',700.61,'Branch'),(214,18,'2022-04-17','Transfer',2408.15,'Branch'),(215,18,'2022-07-30','Transfer',4231.00,'ATM'),(216,18,'2023-08-07','Deposit',3817.95,'Branch'),(217,18,'2024-07-09','Transfer',745.27,'Mobile'),(218,18,'2022-07-07','Deposit',4085.35,'Branch'),(219,18,'2022-02-24','Withdrawal',275.75,'Branch'),(220,18,'2023-04-28','Withdrawal',4972.68,'Branch'),(221,18,'2023-04-05','Deposit',1600.24,'ATM'),(222,18,'2023-11-18','Deposit',696.62,'Branch'),(223,19,'2022-10-12','Transfer',2350.86,'ATM'),(224,19,'2022-06-12','Deposit',1287.06,'Online'),(225,19,'2024-12-16','Withdrawal',564.82,'Branch'),(226,19,'2023-05-02','Withdrawal',618.02,'Online'),(227,19,'2024-05-09','Transfer',3971.56,'Mobile'),(228,19,'2022-05-09','Deposit',4185.07,'Mobile'),(229,19,'2022-02-03','Transfer',2581.72,'Online'),(230,19,'2022-10-22','Withdrawal',2151.90,'Branch'),(231,19,'2023-05-08','Transfer',2088.67,'ATM'),(232,19,'2024-12-08','Withdrawal',347.72,'ATM'),(233,19,'2024-03-10','Withdrawal',227.24,'Mobile'),(234,19,'2024-02-04','Withdrawal',3739.11,'Branch'),(235,19,'2022-05-19','Withdrawal',1213.22,'ATM'),(236,19,'2023-11-12','Deposit',231.24,'Branch'),(237,19,'2022-12-25','Transfer',2328.47,'Mobile'),(238,19,'2023-01-09','Deposit',324.87,'Mobile'),(239,19,'2022-03-17','Withdrawal',1015.94,'Online'),(240,19,'2022-03-27','Withdrawal',4667.52,'Mobile'),(241,19,'2024-08-27','Withdrawal',192.74,'Online'),(242,19,'2023-08-09','Withdrawal',4312.07,'ATM'),(243,20,'2023-07-14','Deposit',3998.72,'Mobile'),(244,20,'2024-03-30','Transfer',2204.29,'Mobile'),(245,20,'2023-11-26','Deposit',2486.05,'Mobile'),(246,20,'2024-01-23','Transfer',1340.94,'ATM'),(247,20,'2024-05-19','Deposit',2158.73,'Online'),(248,20,'2023-08-25','Withdrawal',521.96,'Branch'),(249,20,'2023-08-29','Withdrawal',2235.12,'Mobile'),(250,20,'2022-12-08','Transfer',2225.10,'Mobile'),(251,20,'2022-03-28','Transfer',4351.49,'Branch'),(252,20,'2024-06-09','Withdrawal',3200.95,'ATM'),(253,20,'2022-06-03','Transfer',3191.19,'Branch'),(254,20,'2024-11-16','Transfer',3400.26,'ATM'),(255,20,'2022-10-20','Transfer',3393.66,'Mobile'),(256,20,'2022-03-13','Deposit',345.49,'Branch'),(257,20,'2024-01-12','Withdrawal',4747.84,'ATM'),(258,21,'2024-07-10','Withdrawal',1866.35,'ATM'),(259,21,'2022-10-09','Transfer',1841.08,'Branch'),(260,21,'2023-07-25','Deposit',4803.00,'ATM'),(261,21,'2023-01-17','Withdrawal',2593.55,'ATM'),(262,21,'2023-06-21','Withdrawal',3523.15,'Online'),(263,21,'2023-08-08','Transfer',4583.23,'Mobile'),(264,21,'2023-02-14','Deposit',687.28,'ATM'),(265,21,'2024-07-14','Deposit',4494.41,'Mobile'),(266,21,'2022-06-29','Transfer',4838.13,'Branch'),(267,22,'2022-05-13','Transfer',2715.44,'Branch'),(268,22,'2022-11-19','Transfer',3550.72,'Online'),(269,22,'2024-01-11','Transfer',1128.97,'Online'),(270,22,'2022-10-12','Deposit',3953.96,'ATM'),(271,22,'2024-01-10','Transfer',2865.66,'Mobile'),(272,22,'2022-09-23','Transfer',4422.39,'ATM'),(273,22,'2023-09-26','Withdrawal',4997.98,'Mobile'),(274,22,'2024-12-12','Withdrawal',3848.13,'ATM'),(275,22,'2022-09-14','Withdrawal',3215.27,'Mobile'),(276,22,'2024-08-12','Transfer',2591.63,'Online'),(277,22,'2023-01-08','Deposit',2168.77,'ATM'),(278,22,'2022-09-12','Transfer',773.55,'Online'),(279,22,'2022-11-28','Withdrawal',4674.34,'Online'),(280,22,'2023-12-10','Transfer',4475.68,'ATM'),(281,22,'2023-05-29','Deposit',3178.93,'Branch'),(282,22,'2022-09-14','Transfer',1521.09,'ATM'),(283,23,'2022-11-12','Deposit',3297.08,'Branch'),(284,23,'2022-03-26','Deposit',415.30,'Branch'),(285,23,'2023-03-08','Transfer',2088.77,'ATM'),(286,23,'2024-10-16','Transfer',2732.43,'Branch'),(287,23,'2024-09-16','Deposit',4025.39,'Mobile'),(288,23,'2023-09-02','Withdrawal',374.14,'ATM'),(289,23,'2022-11-20','Withdrawal',2083.95,'Mobile'),(290,23,'2023-02-22','Withdrawal',3037.23,'Branch'),(291,23,'2023-10-16','Transfer',4940.24,'Branch'),(292,23,'2024-03-27','Deposit',3805.72,'ATM'),(293,24,'2023-05-11','Withdrawal',621.38,'Mobile'),(294,24,'2023-05-23','Deposit',493.09,'Branch'),(295,24,'2024-02-26','Transfer',2096.49,'Online'),(296,24,'2023-11-02','Transfer',3608.43,'Online'),(297,24,'2022-11-23','Withdrawal',4979.89,'Mobile'),(298,24,'2024-10-18','Withdrawal',2491.88,'ATM'),(299,24,'2024-03-16','Transfer',2291.58,'Online'),(300,24,'2023-03-17','Transfer',1770.95,'ATM'),(301,24,'2023-07-31','Withdrawal',2991.62,'Mobile'),(302,24,'2023-08-09','Transfer',50.81,'ATM'),(303,24,'2024-06-01','Deposit',4413.45,'Branch'),(304,24,'2024-04-05','Withdrawal',235.76,'ATM'),(305,24,'2023-02-03','Withdrawal',2770.58,'ATM'),(306,24,'2024-03-02','Transfer',2257.27,'Branch'),(307,24,'2022-09-01','Deposit',4875.66,'Mobile'),(308,25,'2023-11-26','Transfer',4695.35,'Online'),(309,25,'2023-02-12','Transfer',2550.52,'ATM'),(310,25,'2022-04-03','Deposit',693.81,'Branch'),(311,25,'2024-08-28','Transfer',2290.37,'Online'),(312,25,'2023-11-03','Transfer',1599.46,'Mobile'),(313,25,'2023-09-05','Transfer',1688.50,'Mobile'),(314,25,'2023-09-06','Withdrawal',4080.59,'Branch'),(315,25,'2023-11-10','Transfer',556.93,'Mobile'),(316,25,'2023-09-23','Transfer',4361.77,'ATM'),(317,25,'2024-08-29','Withdrawal',4835.68,'Online'),(318,25,'2022-04-16','Transfer',2407.44,'Mobile'),(319,25,'2022-10-30','Transfer',1218.56,'ATM'),(320,25,'2023-01-26','Deposit',2210.78,'Mobile'),(321,25,'2022-11-07','Withdrawal',3455.60,'Mobile'),(322,25,'2024-10-24','Transfer',4603.40,'ATM'),(323,25,'2022-10-10','Transfer',1044.64,'Branch'),(324,26,'2024-12-12','Withdrawal',1575.63,'Online'),(325,26,'2024-07-30','Transfer',1718.21,'Branch'),(326,26,'2023-06-26','Transfer',2426.06,'Online'),(327,26,'2023-07-26','Transfer',1499.51,'Branch'),(328,26,'2023-08-15','Transfer',1044.32,'Mobile'),(329,26,'2023-10-12','Withdrawal',1750.53,'Branch'),(330,26,'2023-08-13','Deposit',2871.65,'Mobile'),(331,26,'2024-03-19','Withdrawal',4773.50,'Online'),(332,26,'2023-08-18','Deposit',1445.28,'ATM'),(333,26,'2023-12-11','Withdrawal',3283.30,'Mobile'),(334,26,'2023-03-15','Deposit',4141.48,'Branch'),(335,26,'2023-07-11','Deposit',555.04,'Online'),(336,26,'2023-05-12','Deposit',3352.47,'Online'),(337,26,'2023-04-22','Deposit',509.99,'Branch'),(338,26,'2024-08-25','Deposit',3409.15,'Online'),(339,26,'2022-01-11','Transfer',4889.77,'Online'),(340,26,'2024-04-13','Transfer',4675.81,'Mobile'),(341,26,'2024-09-04','Transfer',1005.29,'Branch'),(342,26,'2023-10-20','Withdrawal',3233.03,'ATM'),(343,26,'2023-04-21','Transfer',3696.05,'ATM'),(344,27,'2024-05-05','Deposit',4670.27,'ATM'),(345,27,'2024-03-24','Withdrawal',939.70,'Branch'),(346,27,'2022-03-18','Deposit',1498.98,'ATM'),(347,27,'2023-11-18','Withdrawal',2277.20,'Mobile'),(348,27,'2022-10-02','Transfer',2345.42,'Online'),(349,27,'2022-08-19','Withdrawal',820.85,'Mobile'),(350,27,'2023-06-11','Transfer',939.13,'Branch'),(351,27,'2023-08-28','Transfer',3375.26,'Online'),(352,27,'2022-12-26','Transfer',4282.17,'Mobile'),(353,27,'2024-05-25','Transfer',1646.35,'Mobile'),(354,28,'2023-01-14','Deposit',2392.50,'Online'),(355,28,'2022-01-14','Withdrawal',1924.04,'Mobile'),(356,28,'2023-07-01','Withdrawal',1516.71,'ATM'),(357,28,'2023-06-20','Transfer',1804.16,'Online'),(358,28,'2022-05-08','Transfer',599.94,'Branch'),(359,28,'2022-11-24','Withdrawal',3433.51,'Branch'),(360,28,'2022-08-29','Transfer',4581.49,'Branch'),(361,28,'2024-01-23','Transfer',1112.04,'Online'),(362,29,'2022-11-10','Withdrawal',3741.20,'Branch'),(363,29,'2024-05-01','Transfer',2750.68,'Mobile'),(364,29,'2023-03-24','Deposit',3404.91,'ATM'),(365,29,'2024-12-12','Withdrawal',2645.58,'Branch'),(366,29,'2022-06-09','Transfer',569.92,'Online'),(367,29,'2022-11-03','Deposit',1647.31,'Mobile'),(368,29,'2022-08-27','Transfer',1034.95,'Mobile'),(369,29,'2022-07-06','Transfer',2232.96,'ATM'),(370,29,'2024-07-17','Deposit',2571.11,'Mobile'),(371,29,'2022-04-29','Transfer',2317.27,'Branch'),(372,29,'2022-02-14','Withdrawal',1279.74,'ATM'),(373,29,'2023-03-23','Transfer',374.42,'Mobile'),(374,29,'2023-12-07','Transfer',328.16,'ATM'),(375,29,'2022-05-22','Withdrawal',168.36,'Mobile'),(376,29,'2023-01-04','Deposit',3831.48,'Mobile'),(377,29,'2024-02-06','Withdrawal',2248.20,'Mobile'),(378,29,'2024-02-09','Deposit',3416.82,'Online'),(379,29,'2023-12-14','Deposit',900.58,'Mobile'),(380,29,'2024-12-19','Deposit',3642.01,'Online'),(381,29,'2022-01-08','Deposit',4892.67,'Mobile'),(382,30,'2024-12-25','Withdrawal',4118.57,'Online'),(383,30,'2024-08-01','Withdrawal',784.06,'Online'),(384,30,'2022-08-20','Deposit',4049.30,'Mobile'),(385,30,'2022-02-02','Deposit',1038.35,'ATM'),(386,30,'2022-03-10','Withdrawal',2992.95,'ATM'),(387,30,'2023-05-17','Transfer',230.74,'Mobile'),(388,30,'2023-04-25','Transfer',1094.17,'ATM'),(389,30,'2022-10-14','Transfer',4967.48,'Online'),(390,30,'2023-10-16','Transfer',2993.61,'Branch'),(391,30,'2023-05-01','Withdrawal',4382.53,'Online'),(392,30,'2024-04-26','Withdrawal',1383.02,'Online'),(393,30,'2024-05-24','Transfer',2483.15,'Branch'),(394,30,'2024-02-20','Transfer',1600.48,'Mobile'),(395,30,'2024-04-16','Deposit',1506.44,'Online'),(396,30,'2024-08-27','Deposit',4248.21,'Branch'),(397,30,'2022-10-23','Withdrawal',4574.56,'Mobile'),(398,30,'2024-05-03','Transfer',2654.66,'Mobile'),(399,30,'2023-05-13','Withdrawal',1024.65,'ATM'),(400,31,'2024-01-30','Deposit',2682.82,'Online'),(401,31,'2022-04-16','Withdrawal',1892.07,'ATM'),(402,31,'2022-05-30','Deposit',4025.21,'Online'),(403,31,'2024-09-08','Deposit',4348.67,'Branch'),(404,31,'2023-09-13','Deposit',1066.92,'Online'),(405,31,'2022-08-29','Transfer',4997.86,'Mobile'),(406,31,'2023-05-12','Transfer',3025.96,'Online'),(407,31,'2024-03-23','Deposit',2764.88,'Branch'),(408,31,'2024-02-19','Withdrawal',2672.91,'Branch'),(409,31,'2023-09-24','Withdrawal',1804.63,'Mobile'),(410,31,'2024-08-12','Deposit',4016.05,'Mobile'),(411,31,'2023-10-18','Deposit',1859.82,'Mobile'),(412,31,'2022-04-04','Transfer',4321.78,'Online'),(413,31,'2022-02-03','Withdrawal',2771.02,'Mobile'),(414,31,'2023-08-28','Deposit',989.00,'Online'),(415,31,'2024-02-17','Transfer',4168.48,'Mobile'),(416,31,'2023-11-23','Withdrawal',3819.17,'Mobile'),(417,31,'2024-10-01','Withdrawal',849.49,'Branch'),(418,31,'2022-12-13','Deposit',3604.36,'Mobile'),(419,32,'2022-05-01','Transfer',178.78,'ATM'),(420,32,'2022-04-10','Deposit',2067.84,'Online'),(421,32,'2022-05-20','Transfer',763.64,'Online'),(422,32,'2024-11-01','Withdrawal',1872.27,'Mobile'),(423,32,'2024-09-26','Deposit',43.00,'Mobile'),(424,32,'2022-01-25','Deposit',2651.79,'Branch'),(425,32,'2023-08-11','Deposit',2516.06,'Mobile'),(426,32,'2023-01-03','Deposit',4591.06,'Online'),(427,32,'2023-05-09','Deposit',3102.71,'Branch'),(428,32,'2023-12-27','Withdrawal',3976.73,'ATM'),(429,33,'2024-04-11','Withdrawal',2829.36,'Online'),(430,33,'2023-09-07','Transfer',4142.03,'ATM'),(431,33,'2022-03-06','Deposit',2032.34,'Mobile'),(432,33,'2024-09-01','Deposit',3187.37,'Online'),(433,33,'2022-06-19','Withdrawal',4228.20,'Branch'),(434,33,'2022-07-15','Transfer',4596.57,'Online'),(435,33,'2023-03-09','Transfer',4438.90,'Mobile'),(436,33,'2023-07-10','Deposit',4621.55,'Branch'),(437,33,'2022-03-09','Deposit',4644.54,'Branch'),(438,33,'2022-02-02','Deposit',2939.31,'Mobile'),(439,33,'2022-06-07','Withdrawal',820.63,'Online'),(440,33,'2024-03-07','Transfer',4483.66,'Branch'),(441,33,'2024-02-26','Transfer',708.35,'ATM'),(442,33,'2024-10-22','Transfer',4871.87,'ATM'),(443,33,'2022-07-20','Withdrawal',1168.40,'ATM'),(444,33,'2023-11-29','Transfer',3847.34,'Mobile'),(445,34,'2022-03-02','Transfer',1373.90,'Mobile'),(446,34,'2024-10-01','Deposit',1785.50,'Mobile'),(447,34,'2024-06-03','Deposit',3401.68,'Mobile'),(448,34,'2022-06-25','Transfer',1483.94,'Online'),(449,34,'2022-05-31','Deposit',1347.18,'Mobile'),(450,34,'2022-11-12','Transfer',1954.21,'Branch'),(451,34,'2022-08-07','Deposit',35.92,'Branch'),(452,34,'2024-06-29','Withdrawal',3809.12,'ATM'),(453,34,'2022-09-29','Deposit',945.08,'Mobile'),(454,34,'2024-11-15','Withdrawal',525.43,'ATM'),(455,34,'2023-12-26','Transfer',474.39,'Branch'),(456,34,'2024-02-28','Deposit',1466.32,'Mobile'),(457,34,'2022-06-23','Transfer',4506.67,'Online'),(458,34,'2024-12-03','Deposit',3429.73,'Online'),(459,34,'2022-10-12','Withdrawal',1512.65,'Mobile'),(460,35,'2022-05-10','Deposit',2179.03,'Mobile'),(461,35,'2023-09-06','Withdrawal',3915.51,'Branch'),(462,35,'2023-05-31','Deposit',3607.29,'Mobile'),(463,35,'2023-02-05','Withdrawal',543.79,'Branch'),(464,35,'2022-01-14','Withdrawal',1667.76,'Mobile'),(465,35,'2023-11-06','Withdrawal',1680.33,'Online'),(466,35,'2023-09-08','Withdrawal',3020.02,'Online'),(467,35,'2024-09-08','Withdrawal',896.41,'Mobile'),(468,35,'2023-10-16','Withdrawal',3677.02,'Mobile'),(469,36,'2023-10-30','Withdrawal',1408.70,'Mobile'),(470,36,'2024-01-18','Deposit',4661.02,'Online'),(471,36,'2023-01-04','Transfer',3840.41,'ATM'),(472,36,'2024-08-03','Transfer',1056.15,'Branch'),(473,36,'2022-05-22','Withdrawal',3368.16,'Online'),(474,36,'2023-09-13','Deposit',1270.88,'Online'),(475,36,'2024-05-16','Withdrawal',379.09,'Mobile'),(476,36,'2024-03-31','Transfer',2538.00,'Mobile'),(477,36,'2022-03-17','Withdrawal',3511.16,'ATM'),(478,36,'2022-08-12','Deposit',3291.43,'Branch'),(479,36,'2022-12-07','Transfer',3067.26,'Mobile'),(480,36,'2023-11-11','Withdrawal',538.66,'ATM'),(481,37,'2023-03-31','Transfer',3736.80,'Online'),(482,37,'2024-07-01','Withdrawal',1961.76,'Online'),(483,37,'2023-12-08','Deposit',2419.03,'Branch'),(484,37,'2024-05-01','Deposit',589.19,'Online'),(485,37,'2023-12-15','Withdrawal',1721.90,'Online'),(486,37,'2024-12-03','Withdrawal',1748.02,'ATM'),(487,37,'2024-06-16','Transfer',3486.85,'Branch'),(488,37,'2022-05-18','Withdrawal',232.97,'ATM'),(489,37,'2022-02-16','Withdrawal',3243.37,'Online'),(490,37,'2023-05-15','Transfer',880.52,'Online'),(491,37,'2023-11-09','Transfer',2137.58,'Mobile'),(492,37,'2023-04-20','Withdrawal',3152.50,'Online'),(493,37,'2024-06-04','Withdrawal',155.67,'Online'),(494,38,'2024-05-29','Withdrawal',32.21,'Online'),(495,38,'2023-02-26','Withdrawal',3764.10,'ATM'),(496,38,'2022-07-28','Transfer',942.93,'Branch'),(497,38,'2023-02-08','Withdrawal',578.64,'Mobile'),(498,38,'2024-12-16','Transfer',1573.89,'Mobile'),(499,38,'2024-03-14','Transfer',580.02,'Branch'),(500,38,'2024-07-26','Transfer',870.91,'Branch'),(501,38,'2022-06-23','Transfer',678.40,'ATM'),(502,38,'2023-05-04','Withdrawal',593.58,'Branch'),(503,38,'2022-10-17','Transfer',1948.43,'Online'),(504,38,'2024-02-25','Withdrawal',936.91,'Online'),(505,38,'2022-12-08','Withdrawal',1451.29,'Online'),(506,38,'2023-10-07','Withdrawal',3100.86,'Branch'),(507,38,'2022-01-20','Withdrawal',691.31,'Mobile'),(508,38,'2024-11-01','Transfer',2479.90,'Mobile'),(509,38,'2024-05-01','Transfer',4201.06,'Mobile'),(510,38,'2022-12-09','Deposit',2831.34,'Online'),(511,38,'2023-08-22','Deposit',1381.52,'Branch'),(512,38,'2022-12-11','Withdrawal',2832.60,'Mobile'),(513,39,'2022-08-22','Withdrawal',3877.81,'Branch'),(514,39,'2022-03-27','Transfer',2212.42,'Online'),(515,39,'2024-05-20','Deposit',3682.58,'Online'),(516,39,'2023-09-02','Deposit',2254.16,'Branch'),(517,39,'2022-06-28','Withdrawal',4327.80,'ATM'),(518,39,'2023-05-01','Deposit',4055.41,'Branch'),(519,39,'2024-05-26','Deposit',3084.59,'Online'),(520,39,'2023-02-28','Deposit',2854.67,'Branch'),(521,40,'2023-10-25','Transfer',1470.25,'Branch'),(522,40,'2024-11-19','Transfer',4077.75,'Online'),(523,40,'2024-04-22','Deposit',4962.51,'Online'),(524,40,'2022-09-29','Deposit',739.75,'Branch'),(525,40,'2023-05-22','Transfer',1969.58,'Online'),(526,40,'2023-07-05','Transfer',2076.98,'Mobile'),(527,40,'2022-06-04','Transfer',3975.05,'ATM'),(528,40,'2024-04-05','Transfer',3751.51,'Branch'),(529,40,'2024-07-20','Withdrawal',1643.17,'ATM'),(530,40,'2022-07-10','Transfer',4861.03,'Branch'),(531,41,'2024-12-30','Withdrawal',1096.97,'Mobile'),(532,41,'2023-03-10','Withdrawal',1350.00,'Branch'),(533,41,'2023-11-23','Transfer',2893.89,'Mobile'),(534,41,'2023-12-05','Transfer',3813.65,'ATM'),(535,41,'2022-07-23','Transfer',3921.61,'Mobile'),(536,41,'2022-02-03','Deposit',4647.87,'Online'),(537,41,'2024-06-22','Withdrawal',13.37,'Mobile'),(538,42,'2022-09-28','Transfer',1516.31,'Branch'),(539,42,'2022-07-11','Transfer',1808.57,'ATM'),(540,42,'2024-02-01','Transfer',4519.96,'Online'),(541,42,'2022-04-17','Withdrawal',3131.77,'Online'),(542,42,'2024-05-29','Transfer',465.08,'ATM'),(543,42,'2022-01-03','Deposit',2389.27,'Online'),(544,42,'2023-04-09','Transfer',3403.11,'ATM'),(545,42,'2022-01-17','Transfer',1724.44,'ATM'),(546,42,'2024-05-14','Transfer',669.55,'ATM'),(547,42,'2023-04-14','Withdrawal',455.76,'ATM'),(548,42,'2022-07-31','Withdrawal',1844.13,'Branch'),(549,43,'2024-02-23','Deposit',3211.46,'Online'),(550,43,'2022-05-21','Transfer',2820.82,'Online'),(551,43,'2024-06-20','Withdrawal',3614.94,'Online'),(552,43,'2024-04-23','Transfer',3435.97,'Online'),(553,43,'2022-06-27','Deposit',708.67,'ATM'),(554,43,'2024-02-26','Withdrawal',4816.61,'Branch'),(555,43,'2022-10-14','Deposit',1392.07,'ATM'),(556,43,'2023-05-24','Transfer',3008.99,'Branch'),(557,43,'2022-02-24','Transfer',4380.38,'Online'),(558,44,'2024-03-13','Withdrawal',3234.39,'Online'),(559,44,'2024-10-10','Withdrawal',572.59,'Mobile'),(560,44,'2022-05-26','Transfer',4444.74,'ATM'),(561,44,'2024-01-10','Withdrawal',668.59,'Mobile'),(562,44,'2024-01-19','Transfer',3417.88,'Mobile'),(563,44,'2022-05-30','Deposit',2940.94,'ATM'),(564,44,'2023-06-21','Deposit',208.74,'ATM'),(565,44,'2024-03-26','Transfer',1439.57,'Mobile'),(566,44,'2024-05-17','Transfer',2017.36,'Online'),(567,44,'2023-07-23','Deposit',1556.44,'Online'),(568,44,'2022-11-15','Transfer',1640.48,'ATM'),(569,45,'2024-06-14','Transfer',4767.61,'Online'),(570,45,'2022-04-29','Deposit',440.20,'Mobile'),(571,45,'2022-08-26','Withdrawal',3065.36,'ATM'),(572,45,'2023-09-26','Transfer',3711.05,'Online'),(573,45,'2022-09-02','Deposit',3542.42,'ATM'),(574,45,'2022-12-02','Withdrawal',4765.55,'Branch'),(575,45,'2022-12-08','Withdrawal',643.38,'Branch'),(576,45,'2022-08-30','Deposit',1681.71,'Mobile'),(577,45,'2023-07-12','Transfer',328.72,'ATM'),(578,45,'2024-10-13','Withdrawal',2558.80,'ATM'),(579,45,'2024-10-20','Transfer',842.74,'Online'),(580,45,'2023-06-07','Deposit',4472.40,'ATM'),(581,45,'2023-04-13','Transfer',2549.04,'ATM'),(582,45,'2022-01-26','Deposit',239.45,'Branch'),(583,46,'2022-11-04','Deposit',4656.49,'ATM'),(584,46,'2024-05-08','Deposit',1615.79,'Mobile'),(585,46,'2023-10-18','Withdrawal',4131.73,'Branch'),(586,46,'2022-09-02','Transfer',3369.90,'ATM'),(587,46,'2023-01-03','Deposit',4023.65,'ATM'),(588,46,'2024-04-01','Deposit',4386.19,'Branch'),(589,46,'2023-09-29','Withdrawal',441.06,'Mobile'),(590,46,'2022-01-17','Withdrawal',1011.35,'Branch'),(591,46,'2023-05-12','Withdrawal',1847.69,'Mobile'),(592,46,'2023-02-05','Transfer',4503.21,'Online'),(593,46,'2022-11-05','Deposit',4662.66,'ATM'),(594,46,'2023-04-23','Transfer',1738.65,'ATM'),(595,46,'2023-11-18','Deposit',3797.06,'Mobile'),(596,46,'2023-09-22','Deposit',1033.92,'Online'),(597,46,'2024-05-09','Withdrawal',4806.31,'Online'),(598,46,'2023-07-28','Deposit',229.06,'Online'),(599,46,'2024-11-30','Withdrawal',3507.23,'Branch'),(600,47,'2022-06-23','Transfer',486.93,'Online'),(601,47,'2024-03-18','Deposit',2963.56,'ATM'),(602,47,'2024-06-09','Transfer',4821.45,'Online'),(603,47,'2023-08-21','Withdrawal',4256.06,'Mobile'),(604,47,'2023-10-31','Withdrawal',2269.26,'Online'),(605,47,'2022-06-02','Deposit',689.20,'ATM'),(606,47,'2022-11-15','Deposit',830.23,'Mobile'),(607,47,'2023-10-06','Withdrawal',612.48,'Branch'),(608,47,'2023-03-02','Withdrawal',1548.46,'Branch'),(609,47,'2022-09-03','Deposit',796.50,'Branch'),(610,47,'2022-03-24','Deposit',4181.26,'Branch'),(611,47,'2022-10-31','Deposit',3558.68,'Branch'),(612,47,'2024-03-22','Transfer',254.26,'Branch'),(613,47,'2023-06-17','Deposit',165.10,'Mobile'),(614,47,'2024-07-15','Transfer',3742.91,'Online'),(615,47,'2022-07-13','Withdrawal',518.52,'Online'),(616,47,'2022-09-06','Deposit',317.73,'Online'),(617,47,'2022-09-25','Deposit',4120.13,'Branch'),(618,47,'2022-06-22','Transfer',2934.73,'ATM'),(619,48,'2022-05-13','Deposit',4513.46,'Mobile'),(620,48,'2022-09-21','Deposit',4526.34,'Branch'),(621,48,'2022-09-08','Deposit',4711.98,'ATM'),(622,48,'2022-12-11','Transfer',2171.45,'Mobile'),(623,48,'2024-10-13','Deposit',1919.82,'Mobile'),(624,49,'2023-12-26','Deposit',4542.44,'Branch'),(625,49,'2023-07-28','Withdrawal',4418.28,'ATM'),(626,49,'2023-05-19','Transfer',1482.57,'Mobile'),(627,49,'2024-09-08','Deposit',447.73,'Mobile'),(628,49,'2022-10-09','Withdrawal',1005.29,'Online'),(629,49,'2022-02-09','Withdrawal',3911.76,'Branch'),(630,49,'2024-09-09','Transfer',3909.36,'Branch'),(631,49,'2024-10-25','Withdrawal',1948.02,'Online'),(632,49,'2022-02-23','Withdrawal',2989.61,'ATM'),(633,49,'2023-07-30','Deposit',4045.18,'Mobile'),(634,50,'2023-04-22','Deposit',509.67,'Online'),(635,50,'2023-06-30','Transfer',4083.26,'ATM'),(636,50,'2023-03-26','Transfer',4234.06,'Mobile'),(637,50,'2023-12-28','Deposit',888.74,'Branch'),(638,50,'2024-01-05','Transfer',150.75,'Branch'),(639,50,'2022-10-19','Transfer',4742.36,'Mobile'),(640,50,'2023-09-25','Deposit',2457.28,'ATM'),(641,50,'2022-04-26','Deposit',3012.30,'ATM'),(642,50,'2024-12-14','Withdrawal',13.41,'Online'),(643,50,'2022-09-25','Withdrawal',3587.52,'Branch'),(644,50,'2022-05-02','Deposit',747.08,'Online'),(645,50,'2022-08-16','Transfer',4304.74,'ATM'),(646,50,'2024-02-05','Transfer',4710.20,'Mobile'),(647,50,'2022-07-26','Withdrawal',1515.81,'Online'),(648,50,'2022-11-19','Transfer',4743.98,'Mobile'),(649,50,'2023-10-12','Deposit',3538.84,'Branch'),(650,51,'2022-12-26','Withdrawal',1541.05,'Branch'),(651,51,'2022-09-18','Deposit',3646.87,'Mobile'),(652,51,'2022-03-08','Deposit',3015.92,'Online'),(653,51,'2022-08-02','Withdrawal',711.81,'ATM'),(654,51,'2023-05-03','Withdrawal',4912.07,'Online'),(655,51,'2022-07-01','Transfer',3353.42,'Branch'),(656,51,'2024-07-03','Deposit',1333.41,'Online'),(657,51,'2022-05-19','Withdrawal',1290.72,'ATM'),(658,51,'2022-01-03','Deposit',1935.83,'Mobile'),(659,51,'2022-12-07','Withdrawal',2470.48,'Mobile'),(660,51,'2023-12-21','Transfer',1882.98,'Mobile'),(661,51,'2023-04-07','Deposit',2261.92,'ATM'),(662,52,'2022-02-11','Withdrawal',1313.03,'ATM'),(663,52,'2022-06-01','Withdrawal',858.82,'Mobile'),(664,52,'2022-11-26','Transfer',384.26,'ATM'),(665,52,'2023-11-24','Transfer',4926.53,'Mobile'),(666,52,'2022-03-05','Withdrawal',4712.79,'Online'),(667,52,'2024-06-08','Deposit',277.24,'Branch'),(668,52,'2023-02-25','Deposit',2052.31,'Branch'),(669,52,'2023-07-31','Withdrawal',1195.37,'ATM'),(670,52,'2024-03-15','Transfer',2752.82,'Mobile'),(671,52,'2022-11-11','Deposit',1810.54,'Mobile'),(672,52,'2022-06-29','Withdrawal',4121.25,'Mobile'),(673,52,'2023-02-13','Deposit',138.42,'Online'),(674,52,'2023-08-21','Deposit',2373.12,'ATM'),(675,52,'2023-09-24','Withdrawal',2360.01,'Branch'),(676,53,'2024-03-04','Deposit',1861.39,'Mobile'),(677,53,'2024-01-27','Deposit',2234.42,'Branch'),(678,53,'2024-06-19','Withdrawal',1324.37,'Branch'),(679,53,'2022-05-07','Deposit',3763.65,'ATM'),(680,53,'2022-06-25','Transfer',1725.52,'Mobile'),(681,53,'2023-04-11','Transfer',314.31,'Mobile'),(682,53,'2024-12-06','Withdrawal',4828.48,'Mobile'),(683,54,'2024-09-02','Withdrawal',403.99,'ATM'),(684,54,'2024-10-25','Transfer',4503.27,'Online'),(685,54,'2022-09-04','Withdrawal',872.67,'Online'),(686,54,'2023-03-10','Deposit',639.67,'Mobile'),(687,54,'2022-06-10','Transfer',2182.61,'Online'),(688,54,'2023-06-13','Withdrawal',4554.91,'ATM'),(689,54,'2022-06-28','Withdrawal',2786.26,'Branch'),(690,54,'2023-07-20','Transfer',2296.20,'ATM'),(691,54,'2024-12-06','Withdrawal',571.47,'Online'),(692,54,'2022-10-31','Transfer',2943.79,'ATM'),(693,54,'2022-08-05','Transfer',3899.93,'Branch'),(694,54,'2023-12-06','Withdrawal',1328.04,'Mobile'),(695,55,'2022-03-18','Deposit',1384.32,'Online'),(696,55,'2024-04-02','Deposit',1985.01,'Branch'),(697,55,'2023-05-02','Deposit',3731.29,'Branch'),(698,55,'2024-02-02','Deposit',1695.95,'Branch'),(699,55,'2023-09-29','Withdrawal',4215.80,'ATM'),(700,55,'2023-04-12','Deposit',1509.40,'Mobile'),(701,55,'2023-10-20','Withdrawal',3646.71,'ATM'),(702,55,'2023-01-20','Withdrawal',1064.84,'Mobile'),(703,55,'2024-09-19','Transfer',4337.27,'ATM'),(704,55,'2024-11-21','Deposit',337.43,'Mobile'),(705,55,'2022-10-05','Transfer',4397.87,'ATM'),(706,55,'2022-12-22','Deposit',4377.15,'Online'),(707,55,'2022-04-29','Deposit',175.02,'ATM'),(708,55,'2024-01-09','Transfer',1003.56,'Branch'),(709,55,'2024-08-08','Transfer',1990.74,'ATM'),(710,55,'2022-03-04','Deposit',1868.61,'Mobile'),(711,55,'2022-12-30','Withdrawal',2938.53,'Branch'),(712,55,'2023-12-07','Deposit',4189.89,'Branch'),(713,55,'2022-07-05','Withdrawal',146.98,'ATM'),(714,55,'2022-11-30','Transfer',3901.35,'Online'),(715,56,'2023-04-07','Transfer',1041.59,'Mobile'),(716,56,'2024-11-17','Deposit',4324.50,'ATM'),(717,56,'2024-08-28','Deposit',3240.38,'ATM'),(718,56,'2023-04-04','Withdrawal',3045.64,'Branch'),(719,56,'2023-07-18','Withdrawal',4478.46,'Branch'),(720,56,'2024-07-29','Withdrawal',1098.86,'Branch'),(721,56,'2024-12-02','Transfer',1991.79,'ATM'),(722,56,'2022-01-16','Transfer',4997.15,'Branch'),(723,56,'2023-08-02','Withdrawal',3425.22,'Mobile'),(724,56,'2022-05-11','Withdrawal',4941.92,'Branch'),(725,56,'2023-07-22','Withdrawal',3284.04,'Branch'),(726,56,'2023-01-21','Deposit',2591.29,'Online'),(727,57,'2024-04-07','Transfer',1604.73,'Online'),(728,57,'2022-02-22','Transfer',2491.89,'Branch'),(729,57,'2023-06-16','Withdrawal',2028.95,'ATM'),(730,57,'2023-01-24','Withdrawal',3635.48,'Online'),(731,57,'2024-12-30','Transfer',3926.64,'Branch'),(732,57,'2024-11-04','Withdrawal',4228.64,'Online'),(733,58,'2022-07-19','Withdrawal',648.44,'Branch'),(734,58,'2023-01-10','Transfer',4498.96,'ATM'),(735,58,'2023-04-01','Withdrawal',1124.41,'Branch'),(736,58,'2024-05-11','Withdrawal',1864.70,'Branch'),(737,58,'2024-08-07','Deposit',2357.98,'ATM'),(738,58,'2024-08-25','Deposit',2507.38,'Mobile'),(739,58,'2024-12-21','Withdrawal',2071.41,'Online'),(740,58,'2022-10-09','Deposit',1719.92,'Mobile'),(741,58,'2022-10-21','Withdrawal',4313.35,'Online'),(742,58,'2022-06-15','Withdrawal',1669.82,'Online'),(743,58,'2023-10-04','Transfer',299.49,'Mobile'),(744,58,'2023-07-15','Deposit',3808.35,'Online'),(745,58,'2022-11-21','Withdrawal',3928.20,'ATM'),(746,58,'2022-09-23','Transfer',2174.22,'Mobile'),(747,59,'2024-05-28','Withdrawal',1922.75,'ATM'),(748,59,'2024-12-29','Deposit',3655.99,'ATM'),(749,59,'2023-10-22','Transfer',960.98,'ATM'),(750,59,'2023-05-25','Deposit',3470.69,'Branch'),(751,59,'2023-10-02','Deposit',522.51,'Branch'),(752,59,'2022-12-09','Deposit',4120.98,'Branch'),(753,59,'2023-08-19','Withdrawal',3641.88,'Branch'),(754,59,'2024-06-07','Transfer',4977.41,'Branch'),(755,59,'2024-09-30','Withdrawal',3753.08,'Online'),(756,59,'2024-04-06','Deposit',1149.81,'Online'),(757,59,'2023-03-09','Transfer',119.35,'Online'),(758,59,'2022-09-10','Withdrawal',3558.44,'ATM'),(759,59,'2024-02-08','Transfer',1286.39,'ATM'),(760,59,'2022-04-09','Transfer',549.49,'ATM'),(761,59,'2022-04-09','Transfer',587.79,'Mobile'),(762,59,'2024-02-18','Deposit',2740.94,'Mobile'),(763,59,'2022-11-10','Deposit',3479.01,'ATM'),(764,60,'2024-05-11','Transfer',513.89,'Branch'),(765,60,'2022-10-08','Withdrawal',4154.96,'ATM'),(766,60,'2024-11-13','Transfer',3092.31,'Branch'),(767,60,'2022-08-22','Deposit',2493.72,'Online'),(768,60,'2023-06-23','Transfer',4865.87,'Branch'),(769,60,'2024-04-19','Withdrawal',810.26,'Mobile'),(770,60,'2023-03-02','Transfer',4666.29,'Branch'),(771,60,'2023-04-26','Deposit',73.62,'ATM'),(772,60,'2022-08-15','Transfer',3348.42,'Online'),(773,60,'2022-07-04','Transfer',384.49,'ATM'),(774,60,'2023-06-09','Transfer',1163.49,'Branch'),(775,60,'2023-06-25','Withdrawal',259.90,'Online'),(776,60,'2022-03-22','Withdrawal',1807.47,'Branch'),(777,60,'2024-05-22','Transfer',588.35,'ATM'),(778,61,'2022-10-11','Transfer',3239.52,'Branch'),(779,61,'2024-01-03','Withdrawal',4775.89,'Branch'),(780,61,'2022-07-10','Withdrawal',4076.67,'Online'),(781,61,'2022-08-22','Withdrawal',2007.25,'Mobile'),(782,61,'2023-07-11','Withdrawal',3452.61,'Mobile'),(783,62,'2022-12-08','Deposit',671.23,'ATM'),(784,62,'2022-11-23','Deposit',2085.98,'Mobile'),(785,62,'2024-06-16','Deposit',3060.50,'Branch'),(786,62,'2022-03-01','Transfer',4400.95,'Online'),(787,62,'2024-09-16','Withdrawal',573.56,'Mobile'),(788,62,'2024-06-21','Deposit',326.05,'Branch'),(789,62,'2022-01-26','Transfer',4342.98,'Online'),(790,62,'2023-11-24','Transfer',2620.28,'ATM'),(791,62,'2024-06-05','Transfer',3635.99,'Mobile'),(792,62,'2023-12-10','Transfer',3384.71,'Mobile'),(793,62,'2022-11-01','Transfer',4461.39,'ATM'),(794,62,'2022-01-24','Transfer',4672.51,'Mobile'),(795,62,'2024-10-12','Deposit',383.58,'Mobile'),(796,62,'2023-10-19','Deposit',1661.17,'Branch'),(797,62,'2022-04-14','Transfer',1121.31,'Mobile'),(798,62,'2024-04-05','Deposit',403.36,'Mobile'),(799,62,'2024-07-06','Deposit',4284.38,'Mobile'),(800,62,'2023-10-10','Deposit',4903.55,'ATM'),(801,63,'2024-04-06','Withdrawal',188.80,'ATM'),(802,63,'2022-07-06','Transfer',4816.22,'Branch'),(803,63,'2024-11-07','Transfer',1042.19,'Mobile'),(804,63,'2023-11-30','Withdrawal',4128.30,'Online'),(805,63,'2024-07-19','Withdrawal',2805.15,'Mobile'),(806,63,'2024-01-15','Transfer',2268.14,'ATM'),(807,63,'2023-03-31','Deposit',1713.37,'Branch'),(808,63,'2024-12-05','Withdrawal',3513.46,'ATM'),(809,64,'2024-10-05','Deposit',4110.97,'Mobile'),(810,64,'2022-08-08','Withdrawal',3058.15,'Online'),(811,64,'2022-09-05','Withdrawal',1085.79,'Online'),(812,64,'2023-11-24','Deposit',3788.18,'ATM'),(813,64,'2022-09-10','Withdrawal',2292.37,'Online'),(814,64,'2024-10-18','Deposit',2656.52,'ATM'),(815,64,'2024-06-05','Transfer',2419.83,'Online'),(816,64,'2022-12-22','Transfer',4078.07,'ATM'),(817,64,'2024-03-04','Transfer',3006.72,'Branch'),(818,64,'2024-10-29','Withdrawal',2099.14,'Online'),(819,65,'2024-03-25','Withdrawal',4852.75,'Mobile'),(820,65,'2022-10-01','Deposit',2069.60,'Branch'),(821,65,'2023-10-05','Transfer',3686.73,'Online'),(822,65,'2023-02-16','Deposit',3124.60,'Branch'),(823,65,'2023-12-09','Transfer',672.03,'Online'),(824,65,'2024-10-28','Transfer',3474.62,'Branch'),(825,65,'2022-08-25','Withdrawal',2815.78,'Mobile'),(826,65,'2024-12-29','Withdrawal',4388.61,'Mobile'),(827,65,'2022-01-27','Transfer',541.29,'Mobile'),(828,65,'2022-10-25','Deposit',3354.57,'Online'),(829,65,'2023-07-01','Deposit',4917.83,'Branch'),(830,65,'2022-10-27','Deposit',3456.07,'Branch'),(831,65,'2023-02-22','Transfer',171.21,'Mobile'),(832,66,'2023-04-05','Transfer',3239.13,'Mobile'),(833,66,'2023-05-02','Transfer',3923.69,'Branch'),(834,66,'2022-04-07','Withdrawal',1943.90,'Branch'),(835,66,'2022-04-21','Deposit',3720.91,'Online'),(836,66,'2024-06-26','Deposit',4558.32,'Branch'),(837,66,'2023-02-07','Transfer',4821.81,'Branch'),(838,66,'2024-07-08','Deposit',4917.43,'ATM'),(839,66,'2023-01-18','Deposit',3678.05,'ATM'),(840,67,'2022-03-25','Withdrawal',1402.77,'Branch'),(841,67,'2022-09-24','Deposit',2924.09,'Branch'),(842,67,'2022-01-12','Withdrawal',2336.99,'Online'),(843,67,'2022-03-23','Deposit',4643.85,'ATM'),(844,67,'2023-09-09','Withdrawal',3951.64,'Branch'),(845,67,'2022-05-30','Transfer',1596.12,'Online'),(846,67,'2023-01-12','Transfer',350.20,'Online'),(847,67,'2024-05-01','Transfer',2689.81,'ATM'),(848,67,'2023-12-17','Deposit',4418.15,'Branch'),(849,67,'2023-11-10','Withdrawal',1474.94,'Mobile'),(850,67,'2022-01-19','Deposit',3348.00,'Mobile'),(851,67,'2023-05-08','Transfer',3072.37,'Online'),(852,67,'2022-03-23','Transfer',4429.44,'Mobile'),(853,67,'2022-08-21','Withdrawal',1290.39,'Branch'),(854,67,'2022-02-20','Transfer',4112.32,'Branch'),(855,67,'2024-11-19','Transfer',2233.33,'ATM'),(856,67,'2023-08-31','Transfer',970.64,'ATM'),(857,68,'2022-12-09','Transfer',2670.70,'ATM'),(858,68,'2023-03-08','Transfer',3151.28,'Online'),(859,68,'2024-05-18','Deposit',1035.84,'Mobile'),(860,68,'2022-05-28','Transfer',3433.36,'ATM'),(861,68,'2024-07-29','Transfer',1665.26,'ATM'),(862,68,'2022-05-31','Deposit',898.18,'Branch'),(863,68,'2022-05-25','Transfer',4109.88,'Branch'),(864,68,'2024-04-14','Withdrawal',2261.12,'Mobile'),(865,69,'2023-10-10','Deposit',1953.61,'ATM'),(866,69,'2024-12-31','Deposit',3210.70,'ATM'),(867,69,'2022-04-04','Transfer',4242.77,'Branch'),(868,69,'2024-10-26','Deposit',1456.28,'Branch'),(869,69,'2022-06-27','Withdrawal',3828.72,'Mobile'),(870,69,'2024-02-21','Withdrawal',4112.39,'ATM'),(871,69,'2024-08-28','Deposit',2672.00,'Online'),(872,69,'2024-03-11','Transfer',1481.94,'Online'),(873,69,'2023-09-03','Transfer',4436.02,'Branch'),(874,69,'2022-01-23','Transfer',4375.09,'Online'),(875,69,'2022-09-10','Deposit',35.10,'Mobile'),(876,69,'2022-06-24','Withdrawal',1058.16,'Branch'),(877,69,'2023-03-10','Withdrawal',4529.08,'Online'),(878,69,'2022-11-26','Deposit',1111.73,'Branch'),(879,69,'2023-02-02','Deposit',914.98,'ATM'),(880,69,'2024-08-02','Transfer',2752.83,'Branch'),(881,69,'2022-05-18','Withdrawal',500.03,'Mobile'),(882,69,'2023-11-09','Withdrawal',649.79,'Online'),(883,70,'2023-08-07','Transfer',358.35,'Online'),(884,70,'2023-10-13','Withdrawal',2258.72,'Branch'),(885,70,'2022-11-09','Transfer',2838.64,'Branch'),(886,70,'2024-05-27','Deposit',34.11,'Online'),(887,70,'2023-03-30','Transfer',3701.68,'Mobile'),(888,70,'2023-07-21','Withdrawal',680.19,'Branch'),(889,70,'2024-09-09','Withdrawal',2232.34,'Branch'),(890,70,'2024-09-24','Transfer',553.07,'ATM'),(891,71,'2022-10-14','Transfer',990.20,'ATM'),(892,71,'2022-06-04','Deposit',4249.44,'ATM'),(893,71,'2024-04-09','Transfer',1071.68,'ATM'),(894,71,'2023-06-18','Transfer',4470.99,'Mobile'),(895,71,'2022-11-01','Withdrawal',1968.57,'Branch'),(896,71,'2022-10-02','Withdrawal',2510.60,'ATM'),(897,71,'2024-03-23','Withdrawal',2515.81,'Online'),(898,71,'2022-12-06','Transfer',710.45,'Online'),(899,71,'2023-01-02','Transfer',4744.07,'Online'),(900,71,'2024-09-17','Withdrawal',211.69,'Mobile'),(901,71,'2023-04-20','Deposit',1329.14,'Online'),(902,71,'2022-03-29','Transfer',1041.80,'Branch'),(903,71,'2024-03-05','Withdrawal',4590.33,'ATM'),(904,72,'2023-10-26','Deposit',3521.64,'Branch'),(905,72,'2023-06-24','Transfer',2726.31,'Online'),(906,72,'2024-02-11','Transfer',1898.81,'ATM'),(907,72,'2024-11-24','Withdrawal',1887.88,'Online'),(908,72,'2024-11-23','Withdrawal',1770.96,'Branch'),(909,72,'2024-09-24','Withdrawal',4436.99,'ATM'),(910,73,'2024-06-19','Deposit',1157.65,'Branch'),(911,73,'2023-03-10','Deposit',942.66,'Branch'),(912,73,'2022-08-31','Transfer',1159.43,'Branch'),(913,73,'2022-08-21','Withdrawal',3379.39,'Mobile'),(914,73,'2023-03-08','Transfer',814.62,'Mobile'),(915,73,'2022-02-15','Deposit',225.29,'Online'),(916,73,'2022-10-03','Transfer',2568.09,'Online'),(917,73,'2022-04-25','Deposit',1298.72,'Online'),(918,73,'2024-11-24','Withdrawal',3000.79,'ATM'),(919,74,'2022-06-25','Deposit',2251.52,'Mobile'),(920,74,'2024-09-13','Deposit',1104.63,'Mobile'),(921,74,'2022-10-20','Transfer',4104.06,'Online'),(922,74,'2024-11-12','Withdrawal',846.93,'Branch'),(923,74,'2024-07-17','Transfer',2957.07,'Online'),(924,74,'2024-02-14','Withdrawal',669.74,'ATM'),(925,74,'2023-02-19','Transfer',4299.36,'Mobile'),(926,74,'2022-11-03','Transfer',490.53,'Mobile'),(927,74,'2022-03-21','Transfer',2521.61,'ATM'),(928,74,'2022-07-10','Withdrawal',3300.37,'ATM'),(929,74,'2024-06-02','Transfer',2109.21,'ATM'),(930,74,'2024-12-21','Withdrawal',1155.14,'Mobile'),(931,74,'2024-02-20','Withdrawal',2949.35,'ATM'),(932,74,'2024-05-21','Deposit',1280.04,'Online'),(933,75,'2023-08-04','Transfer',4385.06,'Mobile'),(934,75,'2023-06-12','Deposit',37.29,'ATM'),(935,75,'2024-12-06','Deposit',2603.61,'Mobile'),(936,75,'2023-02-25','Transfer',4023.39,'Mobile'),(937,75,'2024-01-12','Deposit',782.35,'Branch'),(938,75,'2023-06-20','Transfer',2123.57,'Branch'),(939,75,'2023-07-19','Transfer',1993.30,'Online'),(940,76,'2024-09-15','Deposit',1857.36,'Mobile'),(941,76,'2023-06-04','Withdrawal',2892.48,'Mobile'),(942,76,'2022-10-10','Transfer',604.24,'Online'),(943,76,'2024-07-03','Transfer',4746.73,'ATM'),(944,76,'2023-03-16','Transfer',2008.80,'Branch'),(945,76,'2022-04-17','Deposit',1951.63,'ATM'),(946,76,'2022-07-06','Deposit',2363.63,'Mobile'),(947,76,'2022-06-30','Deposit',1322.83,'Branch'),(948,76,'2022-06-13','Transfer',198.40,'Mobile'),(949,76,'2024-03-31','Transfer',3284.31,'Branch'),(950,76,'2022-04-28','Deposit',3205.05,'Mobile'),(951,76,'2022-01-22','Deposit',4254.33,'Branch'),(952,76,'2023-02-03','Deposit',3921.96,'Online'),(953,76,'2022-12-14','Transfer',189.95,'Online'),(954,76,'2022-01-01','Deposit',443.35,'Branch'),(955,76,'2024-03-29','Withdrawal',3351.61,'Mobile'),(956,76,'2023-02-15','Transfer',86.68,'ATM'),(957,76,'2022-07-04','Transfer',1429.62,'Branch'),(958,77,'2023-07-21','Deposit',3035.75,'Online'),(959,77,'2024-07-20','Withdrawal',2878.78,'Branch'),(960,77,'2022-12-25','Withdrawal',2536.13,'ATM'),(961,77,'2024-10-27','Withdrawal',1706.43,'ATM'),(962,77,'2024-11-17','Withdrawal',4381.80,'Branch'),(963,77,'2024-06-25','Withdrawal',2820.21,'Online'),(964,77,'2023-11-27','Withdrawal',3411.16,'ATM'),(965,77,'2024-09-14','Deposit',1296.52,'Mobile'),(966,77,'2023-03-28','Transfer',3508.87,'Branch'),(967,77,'2024-04-24','Withdrawal',2587.36,'ATM'),(968,77,'2023-06-24','Deposit',1443.58,'Mobile'),(969,77,'2023-12-02','Deposit',2777.21,'Online'),(970,77,'2024-09-02','Withdrawal',1774.15,'Branch'),(971,77,'2023-01-10','Transfer',3418.71,'Online'),(972,77,'2024-10-18','Transfer',1006.34,'Online'),(973,77,'2023-06-28','Deposit',1153.75,'Online'),(974,78,'2022-11-16','Deposit',608.19,'ATM'),(975,78,'2024-10-05','Transfer',43.05,'ATM'),(976,78,'2024-09-14','Withdrawal',3107.13,'Mobile'),(977,78,'2023-07-17','Withdrawal',922.53,'Branch'),(978,78,'2024-03-25','Deposit',3753.35,'Online'),(979,78,'2022-04-21','Transfer',3998.36,'Mobile'),(980,78,'2022-03-08','Transfer',1742.97,'Online'),(981,78,'2024-07-25','Deposit',3494.24,'Mobile'),(982,78,'2023-10-09','Transfer',52.01,'Online'),(983,78,'2024-02-17','Transfer',512.73,'Branch'),(984,78,'2023-06-16','Deposit',2747.33,'Online'),(985,78,'2023-07-06','Withdrawal',4793.05,'Branch'),(986,78,'2024-01-20','Deposit',2498.86,'Online'),(987,78,'2024-05-08','Transfer',3763.46,'Branch'),(988,78,'2024-03-31','Withdrawal',2259.14,'Online'),(989,78,'2023-04-14','Deposit',3606.87,'Online'),(990,79,'2024-02-20','Deposit',737.76,'Online'),(991,79,'2024-08-26','Deposit',891.27,'Mobile'),(992,79,'2022-10-03','Transfer',2589.86,'Branch'),(993,79,'2024-09-23','Withdrawal',1262.36,'ATM'),(994,79,'2024-03-26','Deposit',3455.81,'ATM'),(995,79,'2023-03-18','Withdrawal',2387.93,'ATM'),(996,79,'2024-07-10','Transfer',1679.94,'Branch'),(997,79,'2024-01-08','Transfer',2791.88,'Branch'),(998,79,'2023-12-06','Deposit',2064.69,'Branch'),(999,79,'2023-02-12','Transfer',2883.71,'Online'),(1000,79,'2023-08-06','Withdrawal',1632.20,'Mobile'),(1001,79,'2024-07-04','Deposit',1911.54,'Branch'),(1002,79,'2024-08-07','Transfer',4783.41,'Online'),(1003,79,'2023-11-22','Withdrawal',3160.05,'Mobile'),(1004,79,'2022-05-27','Deposit',818.38,'Online'),(1005,79,'2023-10-05','Withdrawal',3268.54,'Branch'),(1006,79,'2024-03-20','Withdrawal',4439.58,'Branch'),(1007,79,'2024-12-02','Withdrawal',2075.81,'Online'),(1008,80,'2022-09-14','Transfer',1180.79,'Branch'),(1009,80,'2022-06-13','Deposit',842.88,'ATM'),(1010,80,'2022-07-15','Deposit',4684.60,'Mobile'),(1011,80,'2022-04-21','Deposit',3856.96,'ATM'),(1012,80,'2022-08-01','Withdrawal',3094.33,'ATM'),(1013,81,'2023-09-26','Deposit',1244.51,'Branch'),(1014,81,'2024-06-26','Transfer',640.79,'Online'),(1015,81,'2022-02-28','Deposit',3321.11,'Branch'),(1016,81,'2024-09-02','Withdrawal',4875.16,'Branch'),(1017,81,'2024-06-30','Deposit',4848.02,'Online'),(1018,81,'2024-07-24','Transfer',3747.07,'Mobile'),(1019,81,'2024-12-08','Transfer',3201.25,'Branch'),(1020,81,'2023-12-13','Withdrawal',2702.94,'ATM'),(1021,81,'2024-06-23','Withdrawal',1835.26,'Branch'),(1022,81,'2022-11-15','Withdrawal',62.67,'Online'),(1023,81,'2023-12-06','Withdrawal',2351.30,'ATM'),(1024,81,'2024-10-04','Withdrawal',1505.06,'Mobile'),(1025,81,'2023-08-23','Transfer',1163.76,'ATM'),(1026,81,'2024-02-05','Deposit',2064.56,'Mobile'),(1027,81,'2024-03-19','Deposit',824.71,'Mobile'),(1028,81,'2024-02-14','Deposit',1322.27,'Mobile'),(1029,81,'2023-05-06','Transfer',3825.05,'Branch'),(1030,82,'2024-12-25','Withdrawal',2070.39,'ATM'),(1031,82,'2023-01-09','Deposit',1455.08,'Mobile'),(1032,82,'2024-07-16','Withdrawal',3505.36,'Mobile'),(1033,82,'2023-01-20','Withdrawal',106.78,'ATM'),(1034,82,'2024-12-31','Deposit',937.83,'ATM'),(1035,82,'2023-08-01','Withdrawal',633.95,'Mobile'),(1036,82,'2022-01-17','Deposit',460.08,'ATM'),(1037,82,'2024-10-07','Deposit',1716.15,'Branch'),(1038,82,'2024-10-17','Withdrawal',2323.79,'ATM'),(1039,82,'2023-11-08','Deposit',4219.30,'Online'),(1040,82,'2022-04-25','Withdrawal',3880.51,'ATM'),(1041,82,'2024-08-20','Deposit',969.04,'Branch'),(1042,82,'2024-02-21','Deposit',618.59,'Online'),(1043,82,'2024-02-28','Withdrawal',1243.34,'ATM'),(1044,83,'2024-08-01','Transfer',3857.27,'Online'),(1045,83,'2024-08-26','Withdrawal',3410.40,'Branch'),(1046,83,'2023-10-24','Deposit',3149.53,'ATM'),(1047,83,'2024-12-02','Deposit',1274.03,'Branch'),(1048,83,'2023-02-11','Withdrawal',4438.72,'Online'),(1049,83,'2022-08-20','Deposit',3168.22,'Branch'),(1050,83,'2022-01-31','Deposit',3974.01,'ATM'),(1051,83,'2024-03-21','Deposit',54.56,'ATM'),(1052,83,'2024-08-31','Transfer',2985.10,'Branch'),(1053,83,'2022-07-03','Deposit',796.92,'ATM'),(1054,83,'2023-11-25','Transfer',309.66,'Branch'),(1055,84,'2022-08-08','Deposit',2444.34,'Branch'),(1056,84,'2023-12-13','Withdrawal',3668.61,'ATM'),(1057,84,'2024-02-13','Withdrawal',3624.75,'Branch'),(1058,84,'2022-03-22','Withdrawal',3536.06,'Branch'),(1059,84,'2024-09-30','Deposit',2837.84,'Branch'),(1060,84,'2023-10-25','Transfer',2347.29,'Online'),(1061,84,'2022-05-22','Transfer',783.58,'Branch'),(1062,84,'2023-06-24','Transfer',1841.89,'ATM'),(1063,84,'2024-11-02','Withdrawal',3670.95,'ATM'),(1064,85,'2023-05-05','Withdrawal',3607.81,'Mobile'),(1065,85,'2023-01-24','Transfer',3419.29,'Online'),(1066,85,'2023-08-03','Withdrawal',2054.92,'Branch'),(1067,85,'2022-08-15','Deposit',2620.77,'ATM'),(1068,85,'2022-03-31','Deposit',901.41,'ATM'),(1069,85,'2023-02-18','Deposit',2432.00,'ATM'),(1070,85,'2022-03-07','Transfer',3212.34,'Mobile'),(1071,85,'2024-09-30','Transfer',3123.61,'Branch'),(1072,85,'2022-04-11','Withdrawal',1111.41,'ATM'),(1073,85,'2022-01-27','Deposit',3282.19,'ATM'),(1074,85,'2024-08-16','Transfer',312.89,'Mobile'),(1075,85,'2024-01-26','Transfer',300.92,'Branch'),(1076,85,'2024-12-19','Deposit',3674.16,'Branch'),(1077,85,'2022-06-09','Deposit',4803.33,'ATM'),(1078,85,'2022-07-27','Transfer',1162.78,'Mobile'),(1079,85,'2023-01-24','Deposit',2635.70,'Online'),(1080,86,'2024-04-30','Transfer',536.52,'Branch'),(1081,86,'2024-07-28','Transfer',3329.56,'ATM'),(1082,86,'2022-12-08','Deposit',2754.33,'Branch'),(1083,86,'2022-11-20','Transfer',4992.18,'Mobile'),(1084,86,'2023-12-23','Withdrawal',2754.91,'Branch'),(1085,86,'2024-02-01','Withdrawal',3823.28,'Mobile'),(1086,86,'2023-10-25','Transfer',1211.21,'Online'),(1087,86,'2024-02-08','Transfer',4631.47,'Branch'),(1088,86,'2024-01-08','Withdrawal',2243.02,'Mobile'),(1089,86,'2022-01-01','Transfer',182.97,'Branch'),(1090,87,'2024-11-26','Deposit',4967.13,'Branch'),(1091,87,'2022-01-14','Withdrawal',4922.13,'Online'),(1092,87,'2023-10-07','Deposit',3859.90,'Branch'),(1093,87,'2024-11-13','Transfer',2857.63,'Online'),(1094,87,'2022-07-13','Deposit',2307.25,'Online'),(1095,88,'2023-06-27','Withdrawal',4449.23,'Online'),(1096,88,'2023-04-23','Withdrawal',4057.26,'ATM'),(1097,88,'2024-03-29','Transfer',4590.23,'ATM'),(1098,88,'2023-10-27','Withdrawal',872.78,'ATM'),(1099,88,'2023-09-08','Deposit',3656.64,'Mobile'),(1100,88,'2022-06-10','Deposit',4610.14,'Branch'),(1101,88,'2023-12-14','Withdrawal',2088.44,'ATM'),(1102,88,'2023-04-10','Transfer',3267.37,'ATM'),(1103,88,'2024-02-23','Deposit',1530.87,'ATM'),(1104,89,'2022-11-03','Withdrawal',2516.98,'Online'),(1105,89,'2022-11-10','Deposit',3371.44,'Mobile'),(1106,89,'2024-07-01','Transfer',2880.52,'ATM'),(1107,89,'2023-03-31','Withdrawal',1456.02,'Mobile'),(1108,89,'2022-10-31','Deposit',1687.48,'Mobile'),(1109,89,'2022-04-11','Transfer',2001.96,'ATM'),(1110,89,'2024-03-27','Transfer',2178.11,'Online'),(1111,89,'2022-10-04','Withdrawal',2800.89,'Mobile'),(1112,89,'2024-03-20','Transfer',2860.94,'Online'),(1113,89,'2023-05-12','Deposit',1338.62,'Mobile'),(1114,89,'2023-10-25','Transfer',4621.45,'ATM'),(1115,89,'2022-08-19','Transfer',2073.77,'Branch'),(1116,89,'2023-12-15','Deposit',1610.48,'ATM'),(1117,89,'2023-09-17','Deposit',4938.38,'Mobile'),(1118,89,'2022-10-26','Withdrawal',233.94,'Online'),(1119,90,'2024-02-05','Deposit',3791.09,'ATM'),(1120,90,'2022-08-19','Transfer',282.14,'Online'),(1121,90,'2023-08-13','Deposit',1722.92,'ATM'),(1122,90,'2023-09-17','Withdrawal',2361.24,'Branch'),(1123,90,'2023-03-05','Transfer',2694.65,'Online'),(1124,90,'2024-12-07','Withdrawal',2748.51,'Online'),(1125,90,'2022-02-07','Withdrawal',2919.19,'ATM'),(1126,90,'2023-06-08','Deposit',309.95,'Online'),(1127,90,'2023-07-10','Deposit',2330.15,'ATM'),(1128,90,'2022-05-17','Withdrawal',3305.26,'Branch'),(1129,90,'2022-08-09','Deposit',1469.55,'Mobile'),(1130,91,'2024-02-19','Transfer',4883.29,'ATM'),(1131,91,'2023-10-09','Withdrawal',4335.20,'ATM'),(1132,91,'2023-01-17','Deposit',2508.25,'Mobile'),(1133,91,'2022-02-14','Deposit',1244.49,'Branch'),(1134,91,'2023-11-15','Withdrawal',1973.07,'Online'),(1135,91,'2022-02-07','Withdrawal',3424.71,'Branch'),(1136,91,'2023-09-12','Deposit',4980.01,'Branch'),(1137,91,'2022-05-07','Transfer',1295.82,'Mobile'),(1138,91,'2022-03-02','Transfer',4746.09,'Online'),(1139,91,'2022-11-07','Withdrawal',4486.90,'Online'),(1140,91,'2022-06-29','Transfer',1917.21,'Online'),(1141,91,'2024-05-04','Deposit',2868.76,'Mobile'),(1142,92,'2023-11-06','Withdrawal',2715.75,'Online'),(1143,92,'2022-10-11','Transfer',2711.36,'Online'),(1144,92,'2022-10-10','Withdrawal',3445.78,'Online'),(1145,92,'2024-05-30','Deposit',3284.60,'Online'),(1146,92,'2023-10-13','Deposit',2791.13,'ATM'),(1147,92,'2023-01-13','Withdrawal',4199.22,'Online'),(1148,92,'2022-03-02','Withdrawal',4401.86,'Mobile'),(1149,92,'2024-04-22','Withdrawal',2220.59,'Branch'),(1150,92,'2022-11-08','Deposit',542.79,'Online'),(1151,92,'2022-02-23','Transfer',3088.56,'Online'),(1152,92,'2023-04-21','Deposit',3440.02,'Branch'),(1153,92,'2022-06-12','Transfer',3901.33,'Online'),(1154,92,'2024-10-25','Transfer',2349.13,'Branch'),(1155,92,'2023-01-12','Withdrawal',2462.31,'Online'),(1156,93,'2023-01-31','Deposit',170.83,'ATM'),(1157,93,'2023-07-07','Withdrawal',1120.55,'Online'),(1158,93,'2023-02-23','Deposit',893.62,'Mobile'),(1159,93,'2024-09-30','Transfer',1631.23,'Mobile'),(1160,93,'2023-05-21','Withdrawal',2030.29,'ATM'),(1161,93,'2024-02-19','Transfer',1571.36,'ATM'),(1162,93,'2024-12-02','Deposit',2263.53,'ATM'),(1163,93,'2023-05-19','Transfer',2693.97,'ATM'),(1164,93,'2024-03-04','Transfer',3828.15,'ATM'),(1165,93,'2023-01-24','Withdrawal',2203.37,'Branch'),(1166,94,'2024-08-02','Deposit',2118.09,'ATM'),(1167,94,'2024-11-24','Deposit',2323.26,'Mobile'),(1168,94,'2022-07-05','Transfer',2508.28,'Online'),(1169,94,'2022-10-05','Withdrawal',2073.66,'Mobile'),(1170,94,'2022-02-21','Deposit',2273.87,'Online'),(1171,94,'2024-07-20','Deposit',1257.91,'Online'),(1172,94,'2022-09-11','Deposit',579.68,'Mobile'),(1173,94,'2024-01-14','Deposit',2623.85,'Mobile'),(1174,94,'2024-11-13','Transfer',4749.27,'Mobile'),(1175,94,'2024-02-19','Deposit',3843.62,'Branch'),(1176,94,'2022-11-04','Deposit',4345.40,'Online'),(1177,94,'2022-04-16','Withdrawal',1547.23,'Mobile'),(1178,94,'2023-08-15','Transfer',911.67,'Online'),(1179,94,'2023-02-20','Deposit',3116.58,'Branch'),(1180,95,'2024-07-28','Withdrawal',4278.50,'ATM'),(1181,95,'2024-10-07','Deposit',1092.20,'Mobile'),(1182,95,'2024-07-18','Withdrawal',2214.96,'ATM'),(1183,95,'2023-05-17','Transfer',1397.78,'Online'),(1184,95,'2022-04-11','Deposit',749.80,'Branch'),(1185,96,'2022-10-25','Deposit',3338.31,'Branch'),(1186,96,'2023-11-10','Deposit',254.67,'Mobile'),(1187,96,'2023-01-01','Deposit',3363.73,'Online'),(1188,96,'2024-07-21','Transfer',2899.04,'ATM'),(1189,96,'2022-07-10','Withdrawal',1620.88,'Mobile'),(1190,96,'2022-05-19','Withdrawal',4218.12,'ATM'),(1191,97,'2024-08-22','Deposit',618.90,'Branch'),(1192,97,'2023-11-06','Transfer',2074.65,'Online'),(1193,97,'2023-03-05','Transfer',300.34,'ATM'),(1194,97,'2024-09-17','Transfer',3446.38,'Branch'),(1195,97,'2024-05-24','Transfer',4240.51,'Branch'),(1196,97,'2024-12-12','Transfer',4975.17,'Branch'),(1197,97,'2022-09-23','Transfer',2817.55,'Mobile'),(1198,97,'2024-10-05','Deposit',4419.48,'Online'),(1199,97,'2023-08-18','Deposit',17.89,'ATM'),(1200,97,'2024-08-10','Transfer',3985.70,'Online'),(1201,97,'2024-04-29','Withdrawal',237.01,'Branch'),(1202,97,'2023-03-11','Deposit',3206.69,'Branch'),(1203,97,'2023-06-06','Deposit',1545.79,'Branch'),(1204,97,'2022-01-13','Deposit',3432.32,'Branch'),(1205,98,'2022-03-01','Deposit',978.14,'Branch'),(1206,98,'2024-09-08','Withdrawal',3988.30,'Online'),(1207,98,'2024-09-13','Deposit',3139.73,'Branch'),(1208,98,'2024-08-05','Withdrawal',4639.67,'ATM'),(1209,98,'2024-12-03','Withdrawal',2829.06,'Branch'),(1210,98,'2022-02-08','Deposit',2891.21,'Branch'),(1211,98,'2023-12-26','Deposit',4848.37,'Branch'),(1212,98,'2022-03-05','Withdrawal',4918.26,'Online'),(1213,98,'2024-03-08','Deposit',2980.01,'Branch'),(1214,98,'2023-10-07','Transfer',167.82,'Mobile'),(1215,98,'2022-06-27','Withdrawal',4386.47,'Branch'),(1216,98,'2024-07-14','Withdrawal',1088.54,'Branch'),(1217,98,'2022-12-25','Deposit',1877.34,'ATM'),(1218,98,'2023-02-18','Deposit',2224.43,'ATM'),(1219,98,'2024-09-15','Transfer',778.85,'Branch'),(1220,98,'2024-09-17','Transfer',4370.66,'Branch'),(1221,98,'2023-11-02','Deposit',3849.71,'ATM'),(1222,99,'2023-02-25','Transfer',192.40,'Mobile'),(1223,99,'2024-12-05','Deposit',30.51,'ATM'),(1224,99,'2022-06-28','Withdrawal',2339.71,'ATM'),(1225,99,'2022-07-31','Transfer',3833.24,'Branch'),(1226,99,'2022-02-16','Transfer',3794.88,'Online'),(1227,99,'2023-10-20','Deposit',970.80,'Branch'),(1228,99,'2024-12-26','Withdrawal',3866.21,'ATM'),(1229,99,'2023-07-13','Deposit',795.91,'ATM'),(1230,99,'2022-02-01','Transfer',2802.53,'ATM'),(1231,100,'2023-12-19','Transfer',1599.24,'Online'),(1232,100,'2023-08-04','Transfer',1231.68,'ATM'),(1233,100,'2023-09-30','Transfer',4462.29,'Mobile'),(1234,100,'2022-04-14','Deposit',154.67,'ATM'),(1235,100,'2022-08-05','Withdrawal',278.46,'Mobile'),(1236,100,'2024-03-13','Deposit',3526.34,'Mobile'),(1237,100,'2023-12-30','Withdrawal',1668.34,'Online'),(1238,100,'2024-12-28','Deposit',4868.67,'Mobile'),(1239,100,'2022-09-27','Deposit',4066.13,'Mobile'),(1240,100,'2022-07-19','Withdrawal',1558.85,'Mobile'),(1241,100,'2024-08-21','Deposit',4737.77,'Online'),(1242,101,'2024-01-15','Withdrawal',924.93,'Branch'),(1243,101,'2023-10-28','Withdrawal',2442.66,'ATM'),(1244,101,'2024-08-31','Deposit',1763.69,'Mobile'),(1245,101,'2022-12-16','Withdrawal',3842.03,'Online'),(1246,101,'2024-11-06','Deposit',2034.37,'ATM'),(1247,101,'2023-10-30','Transfer',3250.76,'Branch'),(1248,101,'2024-12-27','Withdrawal',2010.07,'Mobile'),(1249,101,'2023-05-04','Transfer',1226.02,'Online'),(1250,101,'2024-09-14','Withdrawal',339.64,'Online'),(1251,101,'2024-06-01','Withdrawal',2840.38,'Branch'),(1252,101,'2023-04-29','Deposit',3316.44,'ATM'),(1253,101,'2024-09-23','Deposit',2964.89,'Mobile'),(1254,101,'2023-10-29','Transfer',497.29,'Mobile'),(1255,102,'2023-09-23','Withdrawal',357.34,'ATM'),(1256,102,'2024-02-16','Withdrawal',2476.53,'ATM'),(1257,102,'2022-07-05','Deposit',4087.00,'ATM'),(1258,102,'2022-10-28','Transfer',754.59,'Branch'),(1259,102,'2024-03-09','Transfer',2893.88,'Online'),(1260,102,'2023-02-26','Transfer',4388.35,'Branch'),(1261,102,'2023-09-16','Withdrawal',3591.78,'Branch'),(1262,102,'2022-07-02','Transfer',50.52,'Mobile'),(1263,102,'2022-09-19','Withdrawal',321.43,'ATM'),(1264,102,'2022-01-02','Transfer',2804.55,'Branch'),(1265,103,'2023-08-01','Deposit',1183.85,'Mobile'),(1266,103,'2023-10-14','Transfer',1920.12,'Mobile'),(1267,103,'2024-06-10','Transfer',1063.97,'Online'),(1268,103,'2024-08-30','Deposit',949.25,'Mobile'),(1269,103,'2024-01-08','Withdrawal',779.79,'Online'),(1270,103,'2022-10-03','Deposit',368.01,'ATM'),(1271,103,'2022-10-22','Transfer',4425.59,'Mobile'),(1272,103,'2022-10-06','Deposit',694.73,'Mobile'),(1273,104,'2024-05-21','Transfer',907.19,'Mobile'),(1274,104,'2024-07-10','Withdrawal',1782.98,'Online'),(1275,104,'2024-05-19','Transfer',47.08,'Mobile'),(1276,104,'2023-04-30','Transfer',2513.63,'Mobile'),(1277,104,'2024-01-22','Deposit',4891.38,'Mobile'),(1278,104,'2024-01-25','Deposit',2905.54,'ATM'),(1279,104,'2022-10-18','Transfer',3659.15,'Branch'),(1280,104,'2024-08-10','Transfer',400.39,'ATM'),(1281,104,'2023-05-18','Withdrawal',3157.01,'ATM'),(1282,104,'2023-10-02','Transfer',273.34,'Branch'),(1283,104,'2024-12-31','Deposit',2349.66,'Mobile'),(1284,104,'2023-11-10','Withdrawal',1771.04,'Branch'),(1285,104,'2023-08-16','Deposit',186.28,'Branch'),(1286,104,'2023-06-18','Deposit',3150.21,'Online'),(1287,104,'2022-04-16','Transfer',4951.92,'ATM'),(1288,104,'2023-08-11','Withdrawal',421.73,'ATM'),(1289,104,'2023-07-24','Withdrawal',671.37,'Branch'),(1290,104,'2023-07-18','Withdrawal',80.87,'ATM'),(1291,104,'2022-12-24','Transfer',3697.45,'Mobile'),(1292,105,'2022-12-26','Withdrawal',3914.81,'Online'),(1293,105,'2024-09-20','Deposit',3998.87,'ATM'),(1294,105,'2023-12-04','Deposit',4837.05,'Online'),(1295,105,'2024-10-12','Withdrawal',3854.14,'Online'),(1296,105,'2024-06-20','Transfer',3191.50,'Online'),(1297,105,'2023-12-08','Deposit',3214.88,'ATM'),(1298,105,'2022-04-18','Deposit',2325.43,'Mobile'),(1299,105,'2023-09-10','Withdrawal',3733.29,'Online'),(1300,105,'2024-02-17','Transfer',3530.98,'Mobile'),(1301,105,'2023-06-22','Deposit',2656.91,'Mobile'),(1302,105,'2022-01-25','Withdrawal',4636.84,'Mobile'),(1303,105,'2024-02-22','Transfer',1585.29,'ATM'),(1304,105,'2022-07-19','Transfer',3190.75,'Mobile'),(1305,105,'2023-07-13','Withdrawal',1358.93,'ATM'),(1306,105,'2023-06-07','Transfer',2925.04,'Mobile'),(1307,105,'2023-05-11','Transfer',3362.73,'Online'),(1308,106,'2023-01-04','Withdrawal',2742.59,'ATM'),(1309,106,'2022-05-20','Deposit',2062.13,'ATM'),(1310,106,'2024-07-02','Withdrawal',1104.89,'Branch'),(1311,106,'2023-05-31','Deposit',179.87,'ATM'),(1312,106,'2022-04-27','Transfer',3286.46,'Online'),(1313,106,'2022-09-07','Transfer',4789.40,'ATM'),(1314,106,'2022-09-24','Withdrawal',3285.41,'Online'),(1315,106,'2022-08-16','Transfer',929.47,'Branch'),(1316,106,'2024-08-14','Transfer',4681.55,'Mobile'),(1317,106,'2023-07-21','Withdrawal',3464.19,'Branch'),(1318,106,'2023-06-12','Deposit',3905.85,'Branch'),(1319,106,'2022-05-08','Withdrawal',1949.07,'ATM'),(1320,106,'2023-06-13','Withdrawal',897.87,'ATM'),(1321,106,'2024-10-04','Deposit',3055.41,'Online'),(1322,106,'2024-10-04','Deposit',727.92,'Mobile'),(1323,107,'2022-08-06','Withdrawal',3579.85,'ATM'),(1324,107,'2022-03-13','Deposit',361.36,'Branch'),(1325,107,'2024-07-02','Deposit',4483.60,'Online'),(1326,107,'2022-01-02','Deposit',3326.38,'Branch'),(1327,107,'2022-11-07','Transfer',1655.86,'Mobile'),(1328,107,'2022-01-08','Transfer',3540.95,'Mobile'),(1329,107,'2024-09-06','Withdrawal',2025.52,'ATM'),(1330,107,'2023-04-08','Deposit',1928.28,'Mobile'),(1331,107,'2022-09-06','Transfer',2681.17,'Branch'),(1332,107,'2023-11-14','Transfer',1521.11,'ATM'),(1333,107,'2022-07-05','Withdrawal',2677.79,'Branch'),(1334,108,'2024-07-30','Withdrawal',3242.48,'Online'),(1335,108,'2022-03-22','Withdrawal',3307.06,'Branch'),(1336,108,'2024-03-09','Deposit',3156.78,'Branch'),(1337,108,'2024-09-23','Deposit',4427.22,'Mobile'),(1338,108,'2023-01-24','Deposit',188.13,'ATM'),(1339,108,'2023-05-04','Withdrawal',1949.95,'Branch'),(1340,108,'2024-10-20','Transfer',4825.12,'Mobile'),(1341,109,'2022-03-17','Withdrawal',289.71,'ATM'),(1342,109,'2024-04-10','Deposit',1066.27,'Mobile'),(1343,109,'2022-11-02','Transfer',2900.94,'ATM'),(1344,109,'2022-03-17','Transfer',716.54,'ATM'),(1345,109,'2024-08-23','Transfer',238.55,'Online'),(1346,110,'2022-12-19','Transfer',259.29,'Branch'),(1347,110,'2022-07-19','Withdrawal',3060.02,'ATM'),(1348,110,'2022-08-06','Deposit',2490.75,'Online'),(1349,110,'2022-05-10','Deposit',2136.80,'Mobile'),(1350,110,'2023-10-27','Deposit',4879.51,'Online'),(1351,111,'2023-03-13','Deposit',2969.50,'Branch'),(1352,111,'2022-05-10','Deposit',1376.73,'Mobile'),(1353,111,'2022-12-11','Transfer',1855.94,'Online'),(1354,111,'2024-06-17','Deposit',4629.12,'ATM'),(1355,111,'2022-10-01','Deposit',3957.35,'Mobile'),(1356,111,'2022-11-20','Deposit',4399.34,'ATM'),(1357,111,'2022-01-14','Deposit',905.27,'ATM'),(1358,111,'2023-08-05','Withdrawal',3470.58,'Mobile'),(1359,111,'2022-09-17','Deposit',724.01,'Branch'),(1360,111,'2024-12-07','Withdrawal',2066.04,'Online'),(1361,111,'2022-03-19','Transfer',908.20,'Mobile'),(1362,111,'2022-06-30','Transfer',4134.15,'Branch'),(1363,111,'2023-12-14','Withdrawal',32.80,'Online'),(1364,111,'2023-01-29','Deposit',4933.15,'ATM'),(1365,111,'2024-01-12','Transfer',2542.63,'Mobile'),(1366,112,'2023-07-21','Deposit',976.66,'Online'),(1367,112,'2024-08-29','Withdrawal',889.86,'ATM'),(1368,112,'2022-04-21','Transfer',1827.32,'Online'),(1369,112,'2024-06-09','Withdrawal',1678.13,'Mobile'),(1370,112,'2022-03-30','Deposit',3704.68,'Online'),(1371,112,'2022-11-20','Deposit',2430.46,'ATM'),(1372,112,'2022-05-26','Deposit',3609.80,'Branch'),(1373,112,'2024-05-08','Deposit',3737.96,'Branch'),(1374,112,'2023-04-17','Deposit',1637.40,'ATM'),(1375,112,'2023-05-01','Transfer',2068.85,'Online'),(1376,112,'2024-02-09','Deposit',376.91,'Mobile'),(1377,113,'2024-06-11','Deposit',1088.66,'Mobile'),(1378,113,'2022-12-31','Withdrawal',1873.69,'Mobile'),(1379,113,'2023-02-02','Transfer',1799.37,'Branch'),(1380,113,'2023-02-19','Withdrawal',644.79,'ATM'),(1381,113,'2023-07-29','Deposit',564.44,'Mobile'),(1382,113,'2024-07-28','Withdrawal',864.29,'Branch'),(1383,114,'2023-08-28','Transfer',792.37,'Online'),(1384,114,'2023-04-16','Deposit',2064.36,'Mobile'),(1385,114,'2023-03-20','Transfer',2372.71,'Mobile'),(1386,114,'2023-07-26','Deposit',3652.79,'Online'),(1387,114,'2023-05-23','Withdrawal',2176.90,'Online'),(1388,114,'2022-11-02','Transfer',4492.28,'Mobile'),(1389,114,'2022-04-01','Deposit',4956.45,'ATM'),(1390,114,'2024-05-21','Transfer',1977.66,'ATM'),(1391,114,'2024-07-15','Withdrawal',1210.15,'ATM'),(1392,114,'2024-04-12','Deposit',672.23,'Branch'),(1393,114,'2023-05-05','Transfer',4994.77,'ATM'),(1394,114,'2024-09-09','Transfer',1531.13,'Mobile'),(1395,115,'2024-07-20','Withdrawal',3861.46,'Mobile'),(1396,115,'2023-01-14','Withdrawal',3137.79,'ATM'),(1397,115,'2022-05-25','Withdrawal',4468.24,'Branch'),(1398,115,'2024-12-23','Deposit',1489.98,'Branch'),(1399,115,'2023-03-01','Transfer',413.99,'Branch'),(1400,116,'2024-11-20','Transfer',1826.31,'ATM'),(1401,116,'2022-08-16','Withdrawal',1834.30,'ATM'),(1402,116,'2024-01-19','Withdrawal',884.58,'ATM'),(1403,116,'2023-02-24','Deposit',4906.45,'Online'),(1404,116,'2022-08-21','Transfer',2397.68,'Online'),(1405,116,'2023-04-07','Withdrawal',1770.03,'Branch'),(1406,117,'2023-07-22','Deposit',326.21,'Branch'),(1407,117,'2024-07-15','Withdrawal',2512.24,'ATM'),(1408,117,'2024-08-20','Transfer',2664.20,'Branch'),(1409,117,'2024-07-14','Transfer',1847.05,'ATM'),(1410,117,'2023-01-21','Withdrawal',445.67,'Mobile'),(1411,117,'2023-01-02','Withdrawal',4791.70,'ATM'),(1412,117,'2022-08-12','Deposit',1386.95,'Online'),(1413,117,'2024-10-13','Deposit',4376.22,'ATM'),(1414,117,'2023-08-24','Withdrawal',4848.18,'Online'),(1415,117,'2024-08-28','Withdrawal',2106.45,'ATM'),(1416,117,'2023-08-21','Deposit',324.12,'Online'),(1417,117,'2024-11-30','Transfer',1686.03,'Branch'),(1418,117,'2023-10-31','Withdrawal',2970.85,'Mobile'),(1419,117,'2024-07-26','Withdrawal',2840.59,'Branch'),(1420,117,'2022-12-18','Withdrawal',1141.64,'Branch'),(1421,117,'2023-08-14','Deposit',750.21,'Branch'),(1422,117,'2024-07-22','Deposit',3096.96,'Online'),(1423,117,'2023-08-08','Deposit',4866.30,'Online'),(1424,118,'2023-05-03','Deposit',215.35,'Branch'),(1425,118,'2022-09-17','Withdrawal',1309.43,'Online'),(1426,118,'2023-02-25','Transfer',3538.60,'Branch'),(1427,118,'2023-12-06','Deposit',1870.85,'Online'),(1428,118,'2024-12-28','Withdrawal',616.24,'ATM'),(1429,118,'2024-04-08','Withdrawal',3844.91,'Mobile'),(1430,118,'2023-10-18','Deposit',31.43,'Branch'),(1431,118,'2023-08-29','Withdrawal',4480.93,'Online'),(1432,118,'2024-06-24','Withdrawal',3448.84,'Mobile'),(1433,118,'2022-03-24','Deposit',3393.26,'ATM'),(1434,119,'2022-02-20','Withdrawal',3091.43,'Online'),(1435,119,'2024-07-02','Withdrawal',471.48,'ATM'),(1436,119,'2023-02-04','Transfer',2636.90,'Branch'),(1437,119,'2023-02-05','Deposit',427.11,'Mobile'),(1438,119,'2022-06-28','Transfer',1978.17,'Mobile'),(1439,119,'2023-10-13','Transfer',3029.34,'ATM'),(1440,119,'2024-01-10','Withdrawal',748.25,'Mobile'),(1441,119,'2024-01-28','Withdrawal',1870.43,'Branch'),(1442,119,'2023-12-08','Withdrawal',1547.35,'Mobile'),(1443,119,'2022-06-29','Deposit',3641.99,'Mobile'),(1444,119,'2024-05-01','Withdrawal',1450.28,'Mobile'),(1445,119,'2024-04-28','Deposit',4179.20,'ATM'),(1446,119,'2022-10-22','Deposit',1523.12,'Branch'),(1447,119,'2022-05-16','Transfer',3783.01,'ATM'),(1448,120,'2024-04-18','Transfer',4572.91,'Mobile'),(1449,120,'2022-12-25','Transfer',2315.98,'Online'),(1450,120,'2023-02-13','Deposit',4163.10,'Branch'),(1451,120,'2024-10-01','Deposit',4115.77,'Branch'),(1452,120,'2023-09-15','Withdrawal',2800.81,'Mobile'),(1453,121,'2022-02-24','Deposit',778.58,'Branch'),(1454,121,'2024-08-25','Deposit',3272.53,'Branch'),(1455,121,'2024-05-04','Deposit',2464.51,'Online'),(1456,121,'2022-02-28','Deposit',3825.94,'Mobile'),(1457,121,'2022-05-17','Transfer',3730.37,'Mobile'),(1458,121,'2024-06-12','Withdrawal',3143.70,'Mobile'),(1459,121,'2022-09-02','Withdrawal',2567.50,'ATM'),(1460,121,'2023-06-16','Deposit',2912.46,'Online'),(1461,121,'2023-10-17','Withdrawal',4392.80,'Online'),(1462,121,'2024-01-02','Deposit',273.91,'Branch'),(1463,121,'2024-05-09','Transfer',4561.40,'Branch'),(1464,121,'2022-04-10','Withdrawal',1465.40,'ATM'),(1465,122,'2023-01-11','Deposit',2997.82,'Online'),(1466,122,'2023-10-23','Withdrawal',4135.84,'Branch'),(1467,122,'2023-07-10','Transfer',3492.86,'Branch'),(1468,122,'2022-07-16','Transfer',2904.43,'Online'),(1469,122,'2022-01-27','Deposit',2595.67,'Branch'),(1470,122,'2024-09-20','Withdrawal',1708.16,'Online'),(1471,122,'2022-07-29','Deposit',781.23,'Online'),(1472,122,'2023-01-21','Transfer',3071.01,'ATM'),(1473,122,'2024-05-04','Withdrawal',4581.00,'ATM'),(1474,122,'2022-09-26','Deposit',2402.80,'Branch'),(1475,122,'2024-01-13','Deposit',4087.02,'Branch'),(1476,123,'2023-09-16','Deposit',3724.86,'ATM'),(1477,123,'2023-04-01','Deposit',4285.51,'Online'),(1478,123,'2023-04-10','Withdrawal',635.47,'Online'),(1479,123,'2022-06-10','Withdrawal',3457.18,'ATM'),(1480,123,'2022-06-09','Deposit',3875.71,'Mobile'),(1481,123,'2022-03-29','Deposit',548.01,'ATM'),(1482,123,'2024-08-18','Deposit',4543.56,'ATM'),(1483,123,'2022-05-16','Withdrawal',3341.26,'ATM'),(1484,123,'2022-09-11','Transfer',1034.95,'Online'),(1485,123,'2023-01-14','Transfer',1764.15,'ATM'),(1486,124,'2023-07-23','Transfer',1745.70,'Online'),(1487,124,'2024-10-22','Transfer',3068.65,'ATM'),(1488,124,'2022-07-22','Transfer',3818.59,'Online'),(1489,124,'2023-01-28','Withdrawal',867.15,'ATM'),(1490,124,'2022-07-22','Deposit',4603.18,'Mobile'),(1491,124,'2024-01-21','Transfer',2951.01,'Mobile'),(1492,124,'2022-08-08','Deposit',4175.36,'Mobile'),(1493,124,'2024-05-18','Deposit',2576.11,'Mobile'),(1494,124,'2022-08-20','Withdrawal',626.84,'ATM'),(1495,125,'2024-10-12','Withdrawal',3526.61,'ATM'),(1496,125,'2022-06-18','Withdrawal',2473.63,'Mobile'),(1497,125,'2023-08-04','Withdrawal',3005.94,'Branch'),(1498,125,'2024-06-28','Deposit',2774.04,'Branch'),(1499,125,'2024-05-26','Deposit',4285.30,'Mobile'),(1500,125,'2024-01-23','Deposit',73.80,'Mobile'),(1501,125,'2022-08-04','Withdrawal',2195.91,'ATM'),(1502,125,'2022-09-02','Deposit',1980.11,'ATM'),(1503,125,'2022-12-12','Deposit',1824.91,'Online'),(1504,126,'2023-02-15','Transfer',4221.71,'Mobile'),(1505,126,'2022-09-09','Deposit',4192.16,'Mobile'),(1506,126,'2023-07-25','Transfer',3832.20,'Branch'),(1507,126,'2024-03-30','Withdrawal',2384.37,'Mobile'),(1508,126,'2024-09-19','Transfer',1401.66,'Mobile'),(1509,126,'2022-08-10','Deposit',1260.94,'Mobile'),(1510,126,'2023-04-18','Transfer',4712.59,'ATM'),(1511,126,'2022-07-23','Transfer',273.73,'ATM'),(1512,126,'2024-10-17','Transfer',143.48,'Online'),(1513,126,'2024-02-23','Transfer',3399.23,'Online'),(1514,126,'2023-09-13','Transfer',3119.93,'ATM'),(1515,126,'2024-11-30','Withdrawal',3965.73,'Online'),(1516,126,'2023-08-25','Transfer',2494.52,'Branch'),(1517,126,'2023-12-05','Transfer',2737.63,'ATM'),(1518,126,'2024-05-31','Deposit',1924.31,'Branch'),(1519,127,'2024-06-25','Withdrawal',189.55,'Online'),(1520,127,'2023-09-13','Transfer',829.08,'Mobile'),(1521,127,'2022-10-03','Withdrawal',3581.46,'Mobile'),(1522,127,'2022-08-13','Transfer',3378.37,'Mobile'),(1523,127,'2024-09-01','Transfer',4273.21,'ATM'),(1524,127,'2024-03-12','Withdrawal',2478.51,'Mobile'),(1525,127,'2023-12-24','Withdrawal',1609.21,'ATM'),(1526,127,'2022-04-03','Deposit',4186.30,'Branch'),(1527,127,'2022-02-25','Transfer',1712.87,'ATM'),(1528,127,'2024-05-26','Withdrawal',4959.81,'Mobile'),(1529,127,'2023-12-21','Deposit',3309.59,'Online'),(1530,127,'2023-04-26','Transfer',1567.38,'ATM'),(1531,127,'2022-05-15','Withdrawal',581.21,'Online'),(1532,127,'2022-02-10','Transfer',1637.32,'Mobile'),(1533,127,'2024-05-15','Transfer',2578.65,'Mobile'),(1534,127,'2023-07-01','Deposit',3482.83,'ATM'),(1535,127,'2023-10-11','Withdrawal',2856.06,'Branch'),(1536,128,'2024-09-27','Deposit',3457.41,'Online'),(1537,128,'2023-11-20','Withdrawal',2518.81,'Branch'),(1538,128,'2022-12-08','Transfer',1504.61,'Mobile'),(1539,128,'2023-02-18','Withdrawal',3180.87,'ATM'),(1540,128,'2023-03-15','Withdrawal',1333.12,'Branch'),(1541,128,'2024-04-03','Deposit',3126.62,'ATM'),(1542,128,'2022-07-14','Transfer',1690.82,'ATM'),(1543,128,'2024-12-23','Withdrawal',2141.26,'Branch'),(1544,129,'2023-09-11','Transfer',4022.59,'Mobile'),(1545,129,'2023-10-04','Deposit',2077.43,'Branch'),(1546,129,'2024-11-21','Withdrawal',3361.09,'Online'),(1547,129,'2022-02-08','Transfer',3519.62,'Online'),(1548,129,'2024-10-19','Deposit',3307.42,'Mobile'),(1549,129,'2023-07-03','Transfer',2668.27,'Mobile'),(1550,129,'2022-05-03','Transfer',1011.23,'Mobile'),(1551,130,'2023-05-08','Deposit',3734.70,'Branch'),(1552,130,'2024-06-10','Withdrawal',1600.08,'ATM'),(1553,130,'2023-02-21','Withdrawal',1342.00,'Branch'),(1554,130,'2022-11-25','Withdrawal',3437.41,'Online'),(1555,130,'2024-04-11','Deposit',576.66,'Online'),(1556,130,'2022-02-26','Deposit',3987.25,'Branch'),(1557,130,'2024-08-08','Withdrawal',2803.53,'Mobile'),(1558,130,'2024-05-14','Transfer',4529.22,'Online'),(1559,130,'2022-11-23','Withdrawal',690.79,'Branch'),(1560,131,'2022-12-27','Transfer',4264.08,'Mobile'),(1561,131,'2022-02-10','Deposit',4299.32,'ATM'),(1562,131,'2023-10-05','Transfer',1496.92,'ATM'),(1563,131,'2024-04-13','Withdrawal',3361.64,'ATM'),(1564,131,'2024-03-23','Transfer',4215.32,'Online'),(1565,131,'2022-08-18','Transfer',3675.06,'ATM'),(1566,131,'2024-12-04','Transfer',4146.62,'Branch'),(1567,131,'2024-10-13','Deposit',1198.00,'ATM'),(1568,131,'2023-10-04','Withdrawal',4163.35,'Mobile'),(1569,131,'2023-04-29','Withdrawal',1097.86,'ATM'),(1570,131,'2022-12-25','Deposit',4849.92,'Mobile'),(1571,131,'2024-04-16','Withdrawal',4315.87,'ATM'),(1572,131,'2024-10-01','Transfer',1879.78,'ATM'),(1573,132,'2024-05-17','Withdrawal',3416.86,'Branch'),(1574,132,'2022-10-24','Withdrawal',2381.36,'Branch'),(1575,132,'2023-09-24','Deposit',3230.53,'ATM'),(1576,132,'2022-04-22','Transfer',4588.11,'Online'),(1577,132,'2023-06-03','Transfer',1929.60,'Branch'),(1578,132,'2022-09-07','Transfer',4336.10,'Mobile'),(1579,132,'2024-03-06','Deposit',4549.85,'Mobile'),(1580,132,'2023-06-08','Withdrawal',460.35,'Online'),(1581,132,'2023-09-02','Deposit',4298.49,'Online'),(1582,132,'2024-06-17','Transfer',1592.75,'Mobile'),(1583,132,'2022-03-11','Withdrawal',4333.56,'Mobile'),(1584,132,'2024-08-22','Transfer',2070.68,'Branch'),(1585,132,'2024-05-15','Deposit',4123.76,'Branch'),(1586,132,'2024-11-02','Deposit',1765.76,'Branch'),(1587,132,'2024-07-17','Transfer',146.48,'ATM'),(1588,133,'2024-06-27','Transfer',689.10,'Mobile'),(1589,133,'2023-02-14','Transfer',1534.68,'ATM'),(1590,133,'2022-08-15','Deposit',1255.52,'Online'),(1591,133,'2024-04-20','Withdrawal',2262.93,'Online'),(1592,133,'2023-06-18','Deposit',3440.46,'Branch'),(1593,133,'2023-08-01','Deposit',431.15,'Branch'),(1594,133,'2023-01-08','Withdrawal',4383.19,'Online'),(1595,133,'2022-02-12','Deposit',4616.33,'Online'),(1596,133,'2022-07-02','Withdrawal',999.35,'Online'),(1597,133,'2022-04-12','Withdrawal',3093.84,'Branch'),(1598,134,'2022-07-02','Withdrawal',858.91,'ATM'),(1599,134,'2022-01-29','Transfer',2633.93,'Mobile'),(1600,134,'2024-10-09','Deposit',1130.17,'Online'),(1601,134,'2023-01-26','Withdrawal',1446.93,'Mobile'),(1602,134,'2024-02-22','Deposit',2162.23,'Online'),(1603,134,'2023-03-18','Withdrawal',3636.27,'Online'),(1604,134,'2024-05-06','Deposit',2048.54,'Online'),(1605,134,'2022-02-28','Withdrawal',4880.88,'Online'),(1606,134,'2024-07-12','Deposit',1854.49,'Mobile'),(1607,135,'2022-01-22','Withdrawal',674.69,'Branch'),(1608,135,'2024-03-25','Transfer',1068.97,'Mobile'),(1609,135,'2024-05-16','Transfer',2990.01,'ATM'),(1610,135,'2022-07-15','Transfer',303.17,'Branch'),(1611,135,'2023-04-26','Withdrawal',4542.05,'ATM'),(1612,135,'2022-01-11','Withdrawal',2527.66,'Mobile'),(1613,135,'2023-09-12','Withdrawal',3359.60,'Online'),(1614,136,'2023-01-03','Withdrawal',857.63,'Mobile'),(1615,136,'2023-11-26','Withdrawal',668.28,'Branch'),(1616,136,'2024-12-22','Withdrawal',717.56,'ATM'),(1617,136,'2023-10-04','Deposit',4892.80,'Mobile'),(1618,136,'2023-07-30','Transfer',1809.36,'Mobile'),(1619,136,'2023-08-03','Withdrawal',3068.53,'Branch'),(1620,137,'2024-06-11','Deposit',1584.56,'Mobile'),(1621,137,'2022-11-06','Transfer',4266.64,'Mobile'),(1622,137,'2022-04-19','Deposit',751.62,'Online'),(1623,137,'2023-01-11','Deposit',2356.54,'Online'),(1624,137,'2024-08-14','Withdrawal',588.96,'Mobile'),(1625,137,'2022-03-25','Withdrawal',1789.04,'Mobile'),(1626,137,'2024-07-26','Withdrawal',571.33,'Online'),(1627,137,'2022-09-11','Withdrawal',476.95,'Branch'),(1628,137,'2023-01-05','Deposit',3752.18,'Branch'),(1629,137,'2023-03-11','Transfer',4990.04,'ATM'),(1630,137,'2024-12-13','Transfer',911.04,'ATM'),(1631,137,'2023-05-20','Withdrawal',3387.77,'Branch'),(1632,137,'2022-02-23','Withdrawal',3409.75,'ATM'),(1633,137,'2024-03-18','Withdrawal',2955.79,'ATM'),(1634,137,'2023-10-25','Deposit',154.08,'Mobile'),(1635,138,'2024-07-18','Transfer',4776.46,'ATM'),(1636,138,'2023-11-06','Deposit',3284.30,'Mobile'),(1637,138,'2023-10-28','Transfer',4999.11,'Online'),(1638,138,'2023-03-09','Deposit',4009.77,'Branch'),(1639,138,'2023-10-24','Deposit',3721.56,'Mobile'),(1640,138,'2022-07-09','Withdrawal',1283.27,'Online'),(1641,138,'2024-03-27','Deposit',112.36,'Online'),(1642,138,'2022-11-30','Withdrawal',3899.67,'Branch'),(1643,138,'2022-11-12','Deposit',1499.75,'Mobile'),(1644,138,'2023-09-28','Transfer',3021.53,'Branch'),(1645,138,'2022-07-16','Withdrawal',2568.14,'Mobile'),(1646,138,'2024-07-01','Withdrawal',2387.43,'Mobile'),(1647,138,'2022-07-04','Withdrawal',4056.86,'Online'),(1648,138,'2024-06-08','Transfer',2135.83,'ATM'),(1649,138,'2024-11-17','Withdrawal',4866.63,'Online'),(1650,138,'2022-11-14','Withdrawal',2641.12,'ATM'),(1651,138,'2023-08-19','Withdrawal',2192.40,'Mobile'),(1652,138,'2023-09-08','Deposit',4921.09,'Branch'),(1653,138,'2023-05-25','Transfer',2144.38,'ATM'),(1654,138,'2022-06-06','Deposit',2571.94,'Mobile'),(1655,139,'2022-07-13','Withdrawal',3307.67,'Branch'),(1656,139,'2023-12-29','Withdrawal',2931.98,'ATM'),(1657,139,'2022-08-22','Transfer',3311.28,'Online'),(1658,139,'2023-01-09','Withdrawal',235.84,'Mobile'),(1659,139,'2023-09-02','Withdrawal',2940.17,'Mobile'),(1660,139,'2024-07-10','Transfer',4041.09,'Branch'),(1661,139,'2023-01-19','Deposit',933.59,'Branch'),(1662,139,'2022-08-06','Withdrawal',2676.54,'ATM'),(1663,139,'2024-03-19','Deposit',76.39,'Mobile'),(1664,139,'2024-07-31','Transfer',2031.41,'Mobile'),(1665,139,'2023-09-13','Transfer',4067.53,'Branch'),(1666,139,'2024-03-19','Withdrawal',447.30,'Online'),(1667,139,'2022-01-29','Deposit',568.44,'ATM'),(1668,139,'2023-01-21','Deposit',1054.06,'Online'),(1669,139,'2023-05-11','Withdrawal',4212.03,'Online'),(1670,139,'2022-06-26','Withdrawal',3850.91,'Online'),(1671,139,'2024-08-28','Withdrawal',118.87,'Online'),(1672,139,'2022-11-09','Transfer',3515.96,'Mobile'),(1673,140,'2022-02-10','Withdrawal',2930.28,'Online'),(1674,140,'2023-08-27','Transfer',4148.96,'Mobile'),(1675,140,'2022-04-15','Withdrawal',49.29,'Mobile'),(1676,140,'2024-05-01','Withdrawal',3688.02,'Branch'),(1677,140,'2022-03-17','Withdrawal',2004.41,'Mobile'),(1678,140,'2023-04-20','Transfer',312.92,'ATM'),(1679,140,'2024-05-14','Transfer',1586.09,'ATM'),(1680,140,'2023-07-03','Transfer',2091.52,'Mobile'),(1681,140,'2022-08-28','Withdrawal',3117.26,'Branch'),(1682,140,'2024-07-07','Transfer',2186.79,'Online'),(1683,140,'2023-08-13','Transfer',969.08,'Branch'),(1684,140,'2024-06-16','Deposit',2543.10,'Branch'),(1685,140,'2024-08-17','Deposit',4417.04,'Mobile'),(1686,140,'2024-05-03','Transfer',3265.98,'Branch'),(1687,140,'2024-08-25','Deposit',3112.99,'Branch'),(1688,140,'2022-06-26','Transfer',2419.62,'Online'),(1689,140,'2023-02-13','Deposit',3032.69,'ATM'),(1690,140,'2024-05-01','Withdrawal',1525.22,'Online'),(1691,140,'2022-04-07','Deposit',1800.35,'Branch'),(1692,140,'2024-01-02','Transfer',801.44,'ATM'),(1693,141,'2023-11-23','Withdrawal',578.71,'Online'),(1694,141,'2022-09-05','Transfer',1128.24,'Branch'),(1695,141,'2023-11-28','Withdrawal',3849.18,'Branch'),(1696,141,'2022-11-06','Transfer',4369.74,'ATM'),(1697,141,'2022-04-14','Withdrawal',3996.94,'ATM'),(1698,141,'2022-08-05','Transfer',3052.18,'ATM'),(1699,141,'2022-03-27','Transfer',536.00,'ATM'),(1700,142,'2024-01-11','Deposit',3644.46,'Mobile'),(1701,142,'2024-11-02','Withdrawal',3665.43,'ATM'),(1702,142,'2022-11-12','Transfer',1825.05,'Online'),(1703,142,'2022-09-09','Deposit',2201.15,'Mobile'),(1704,142,'2022-01-14','Deposit',4175.72,'Mobile'),(1705,142,'2023-12-01','Withdrawal',2530.06,'ATM'),(1706,142,'2023-06-29','Withdrawal',3578.85,'Mobile'),(1707,142,'2024-01-09','Transfer',3328.33,'Online'),(1708,142,'2024-12-20','Withdrawal',3938.21,'Online'),(1709,142,'2024-05-28','Withdrawal',4590.92,'Mobile'),(1710,142,'2024-11-23','Transfer',1815.25,'ATM'),(1711,143,'2022-10-26','Deposit',3590.95,'ATM'),(1712,143,'2022-06-23','Withdrawal',1580.87,'Online'),(1713,143,'2024-06-07','Deposit',1972.40,'ATM'),(1714,143,'2022-11-06','Transfer',298.47,'Branch'),(1715,143,'2024-05-08','Withdrawal',4430.06,'Branch'),(1716,143,'2023-10-05','Withdrawal',49.43,'Branch'),(1717,143,'2024-12-16','Transfer',4603.05,'Mobile'),(1718,143,'2024-07-02','Transfer',1033.62,'Mobile'),(1719,143,'2023-12-09','Transfer',2028.48,'Online'),(1720,143,'2023-09-10','Deposit',194.48,'Branch'),(1721,143,'2024-03-09','Transfer',3597.21,'Online'),(1722,143,'2024-12-01','Transfer',1426.80,'ATM'),(1723,143,'2024-11-13','Transfer',1568.14,'Branch'),(1724,143,'2022-11-24','Deposit',149.18,'Branch'),(1725,143,'2023-05-10','Withdrawal',3635.28,'ATM'),(1726,143,'2022-05-03','Withdrawal',1306.18,'Branch'),(1727,143,'2022-09-11','Deposit',3785.23,'ATM'),(1728,143,'2024-07-08','Withdrawal',2866.45,'ATM'),(1729,143,'2024-07-17','Withdrawal',4914.92,'Online'),(1730,144,'2023-09-05','Withdrawal',3337.94,'Online'),(1731,144,'2024-02-13','Transfer',3690.19,'ATM'),(1732,144,'2023-11-03','Transfer',2916.02,'Branch'),(1733,144,'2024-07-19','Deposit',741.30,'Mobile'),(1734,144,'2024-04-23','Deposit',470.32,'Mobile'),(1735,144,'2022-09-24','Withdrawal',1081.77,'ATM'),(1736,144,'2024-01-27','Transfer',2636.02,'Mobile'),(1737,144,'2023-06-25','Transfer',2499.15,'Mobile'),(1738,144,'2024-06-20','Transfer',4655.87,'Mobile'),(1739,144,'2024-05-03','Deposit',730.29,'Online'),(1740,144,'2024-09-19','Transfer',2293.99,'ATM'),(1741,144,'2023-03-12','Withdrawal',2372.04,'Online'),(1742,144,'2024-01-27','Deposit',3011.99,'Mobile'),(1743,144,'2022-08-14','Deposit',1854.23,'Branch'),(1744,144,'2022-03-24','Transfer',774.99,'Branch'),(1745,144,'2023-09-17','Withdrawal',1523.27,'Mobile'),(1746,145,'2022-10-20','Deposit',3921.12,'Mobile'),(1747,145,'2022-04-10','Withdrawal',4446.40,'Online'),(1748,145,'2023-01-10','Transfer',2449.08,'ATM'),(1749,145,'2023-12-16','Deposit',4353.43,'Mobile'),(1750,145,'2024-09-12','Transfer',1555.41,'Mobile'),(1751,146,'2024-02-12','Withdrawal',4173.96,'Online'),(1752,146,'2022-10-11','Transfer',3185.94,'Mobile'),(1753,146,'2024-07-08','Deposit',4333.06,'Branch'),(1754,146,'2022-07-02','Transfer',3325.87,'Mobile'),(1755,146,'2024-03-04','Deposit',4502.22,'Branch'),(1756,146,'2022-04-04','Transfer',4451.32,'Branch'),(1757,146,'2022-07-01','Deposit',3538.97,'Branch'),(1758,146,'2022-09-11','Transfer',2801.17,'Online'),(1759,146,'2022-04-19','Transfer',2613.55,'Mobile'),(1760,146,'2024-10-26','Deposit',610.21,'Online'),(1761,146,'2022-02-08','Withdrawal',3935.92,'Online'),(1762,146,'2024-06-28','Deposit',4036.54,'Branch'),(1763,146,'2024-04-02','Transfer',234.47,'ATM'),(1764,146,'2023-11-28','Withdrawal',910.73,'ATM'),(1765,146,'2024-12-17','Withdrawal',1916.23,'ATM'),(1766,147,'2022-07-23','Transfer',849.10,'Online'),(1767,147,'2023-01-10','Withdrawal',3843.84,'Online'),(1768,147,'2023-09-21','Withdrawal',3396.26,'ATM'),(1769,147,'2023-10-29','Deposit',145.58,'ATM'),(1770,147,'2023-09-03','Withdrawal',502.73,'Online'),(1771,147,'2024-04-25','Withdrawal',1297.09,'ATM'),(1772,147,'2022-04-17','Deposit',1205.72,'Online'),(1773,147,'2024-10-06','Transfer',3764.43,'Mobile'),(1774,148,'2023-07-06','Deposit',1598.50,'Mobile'),(1775,148,'2022-05-15','Withdrawal',154.24,'Online'),(1776,148,'2022-02-08','Withdrawal',2774.84,'ATM'),(1777,148,'2023-05-20','Transfer',3261.24,'Online'),(1778,148,'2023-09-16','Transfer',2039.66,'ATM'),(1779,148,'2024-10-21','Deposit',3916.58,'Online'),(1780,148,'2024-02-04','Transfer',4926.69,'Online'),(1781,148,'2024-05-17','Transfer',2264.19,'ATM'),(1782,149,'2023-08-16','Transfer',4860.69,'ATM'),(1783,149,'2022-05-04','Withdrawal',1373.78,'Branch'),(1784,149,'2024-02-18','Withdrawal',4213.77,'Online'),(1785,149,'2024-11-11','Withdrawal',236.97,'ATM'),(1786,149,'2023-09-08','Deposit',1982.57,'ATM'),(1787,149,'2022-10-14','Transfer',2786.83,'Branch'),(1788,149,'2024-06-03','Deposit',3056.12,'Branch'),(1789,149,'2023-12-03','Transfer',1314.19,'Mobile'),(1790,149,'2023-07-14','Deposit',3314.76,'Branch'),(1791,149,'2023-12-01','Deposit',2304.40,'Branch'),(1792,149,'2022-02-02','Transfer',677.29,'ATM'),(1793,149,'2024-09-02','Deposit',4508.21,'Online'),(1794,149,'2024-04-26','Transfer',4477.39,'Mobile'),(1795,149,'2024-03-15','Transfer',414.93,'ATM'),(1796,149,'2022-03-05','Transfer',2231.43,'ATM'),(1797,149,'2023-12-24','Withdrawal',4139.06,'Branch'),(1798,149,'2024-03-03','Deposit',4197.34,'ATM'),(1799,149,'2022-09-13','Withdrawal',1858.70,'Online'),(1800,149,'2024-06-29','Deposit',1115.39,'ATM'),(1801,150,'2024-01-03','Deposit',458.93,'Branch'),(1802,150,'2023-03-29','Deposit',4900.79,'Branch'),(1803,150,'2022-03-17','Withdrawal',2469.26,'Online'),(1804,150,'2022-01-15','Deposit',4921.48,'Mobile'),(1805,150,'2022-08-16','Withdrawal',2849.82,'Mobile'),(1806,150,'2022-12-16','Transfer',976.91,'Online'),(1807,150,'2022-05-14','Transfer',649.95,'ATM'),(1808,150,'2022-09-18','Withdrawal',4668.48,'Online'),(1809,150,'2024-12-07','Transfer',3913.44,'Online'),(1810,150,'2022-02-17','Transfer',3391.89,'Branch'),(1811,150,'2024-07-18','Deposit',4690.07,'ATM'),(1812,150,'2023-10-24','Withdrawal',4223.26,'Mobile'),(1813,150,'2023-07-16','Deposit',3404.07,'Mobile'),(1814,151,'2024-01-11','Transfer',3797.52,'Online'),(1815,151,'2022-04-07','Withdrawal',4592.77,'Mobile'),(1816,151,'2023-10-10','Deposit',1965.38,'Branch'),(1817,151,'2022-06-17','Transfer',4040.29,'Online'),(1818,151,'2024-05-17','Deposit',4585.81,'Online'),(1819,151,'2022-12-03','Withdrawal',1560.92,'ATM'),(1820,151,'2022-02-27','Withdrawal',2165.43,'ATM'),(1821,151,'2023-11-16','Withdrawal',1243.30,'Mobile'),(1822,151,'2023-05-04','Withdrawal',4164.26,'Branch'),(1823,151,'2024-11-30','Deposit',4718.30,'Mobile'),(1824,151,'2022-07-15','Transfer',2237.82,'ATM'),(1825,151,'2022-06-25','Deposit',4584.40,'Mobile'),(1826,151,'2023-10-04','Transfer',334.49,'Online'),(1827,151,'2022-05-07','Withdrawal',283.40,'Mobile'),(1828,151,'2022-05-15','Deposit',3391.05,'ATM'),(1829,151,'2023-08-27','Withdrawal',2014.40,'Mobile'),(1830,151,'2023-04-23','Transfer',3939.50,'ATM'),(1831,151,'2024-07-17','Withdrawal',2326.40,'Mobile'),(1832,151,'2022-07-27','Withdrawal',3258.10,'ATM'),(1833,151,'2024-07-18','Transfer',1647.69,'Online'),(1834,152,'2022-07-30','Deposit',2979.92,'ATM'),(1835,152,'2023-02-01','Transfer',638.65,'Branch'),(1836,152,'2023-12-29','Withdrawal',2412.18,'Mobile'),(1837,152,'2023-01-16','Deposit',696.99,'ATM'),(1838,152,'2022-05-04','Deposit',1565.22,'Mobile'),(1839,152,'2024-11-16','Transfer',3774.32,'Branch'),(1840,152,'2022-10-26','Deposit',2352.92,'Branch'),(1841,152,'2023-08-20','Withdrawal',4851.65,'Online'),(1842,153,'2023-05-02','Transfer',4097.73,'ATM'),(1843,153,'2024-05-14','Withdrawal',985.08,'Online'),(1844,153,'2023-02-17','Deposit',1714.34,'Mobile'),(1845,153,'2024-08-15','Transfer',3465.15,'Branch'),(1846,153,'2023-09-06','Withdrawal',1649.81,'ATM'),(1847,153,'2024-07-19','Deposit',2484.69,'ATM'),(1848,154,'2023-04-17','Withdrawal',3123.36,'Online'),(1849,154,'2024-09-11','Transfer',3844.06,'Branch'),(1850,154,'2024-02-09','Deposit',2007.56,'ATM'),(1851,154,'2024-01-14','Deposit',377.92,'ATM'),(1852,154,'2022-08-24','Deposit',1459.98,'Online'),(1853,154,'2024-01-08','Deposit',4876.79,'Online'),(1854,154,'2023-02-10','Withdrawal',878.99,'Branch'),(1855,154,'2022-12-23','Withdrawal',4239.20,'Online'),(1856,154,'2023-01-01','Deposit',117.25,'Branch'),(1857,154,'2022-07-27','Deposit',4158.91,'Online'),(1858,154,'2024-02-16','Transfer',3939.20,'ATM'),(1859,154,'2023-11-25','Deposit',1532.31,'Online'),(1860,155,'2024-02-02','Transfer',865.09,'Mobile'),(1861,155,'2022-05-14','Deposit',730.72,'Online'),(1862,155,'2023-01-24','Deposit',2667.45,'Branch'),(1863,155,'2023-10-14','Transfer',2153.41,'Online'),(1864,155,'2022-04-05','Transfer',2940.76,'Branch'),(1865,155,'2022-11-01','Withdrawal',1243.39,'Branch'),(1866,155,'2022-09-16','Transfer',4842.24,'Mobile'),(1867,155,'2023-03-05','Transfer',416.22,'Mobile'),(1868,155,'2022-05-13','Deposit',2547.98,'Branch'),(1869,155,'2024-10-18','Transfer',2326.69,'Branch'),(1870,155,'2024-02-05','Transfer',3475.60,'Mobile'),(1871,155,'2024-08-28','Withdrawal',2910.12,'ATM'),(1872,155,'2023-03-01','Deposit',4475.47,'Mobile'),(1873,155,'2023-04-26','Withdrawal',1100.78,'Mobile'),(1874,155,'2024-02-12','Transfer',794.47,'Branch'),(1875,155,'2023-06-06','Transfer',432.95,'ATM'),(1876,156,'2024-06-29','Transfer',1764.36,'ATM'),(1877,156,'2024-08-10','Transfer',3109.42,'Mobile'),(1878,156,'2024-07-12','Withdrawal',2168.20,'Branch'),(1879,156,'2024-10-15','Withdrawal',1372.37,'ATM'),(1880,156,'2023-01-03','Withdrawal',1176.61,'ATM'),(1881,156,'2024-01-06','Deposit',1479.64,'ATM'),(1882,156,'2023-07-21','Deposit',501.06,'ATM'),(1883,156,'2024-01-08','Deposit',2734.67,'Branch'),(1884,156,'2023-02-07','Transfer',1652.91,'Branch'),(1885,156,'2023-07-17','Deposit',3531.16,'Online'),(1886,156,'2023-06-19','Deposit',3852.68,'Branch'),(1887,156,'2023-12-11','Withdrawal',4729.62,'ATM'),(1888,156,'2024-08-24','Transfer',2568.11,'Online'),(1889,156,'2024-03-25','Deposit',1142.36,'Online'),(1890,157,'2023-04-24','Transfer',2939.15,'Mobile'),(1891,157,'2024-08-02','Withdrawal',3961.66,'Branch'),(1892,157,'2023-01-20','Withdrawal',3852.95,'Mobile'),(1893,157,'2023-03-06','Withdrawal',2255.36,'ATM'),(1894,157,'2024-02-07','Deposit',2891.77,'Online'),(1895,157,'2023-09-18','Transfer',58.31,'Branch'),(1896,157,'2023-11-27','Deposit',2101.55,'Mobile'),(1897,157,'2023-09-06','Withdrawal',2938.91,'ATM'),(1898,157,'2022-10-12','Deposit',4886.44,'Branch'),(1899,157,'2024-03-11','Withdrawal',1028.98,'Mobile'),(1900,157,'2022-05-11','Transfer',1938.30,'Mobile'),(1901,157,'2022-08-11','Withdrawal',2851.88,'Mobile'),(1902,157,'2023-09-16','Deposit',865.40,'Online'),(1903,157,'2022-03-07','Transfer',3020.79,'ATM'),(1904,157,'2023-01-18','Deposit',356.76,'Mobile'),(1905,157,'2023-08-05','Deposit',1172.87,'ATM'),(1906,157,'2024-07-20','Deposit',1849.57,'ATM'),(1907,157,'2022-12-18','Withdrawal',4299.94,'Mobile'),(1908,157,'2024-03-11','Deposit',4948.08,'Online'),(1909,157,'2024-05-06','Withdrawal',3718.28,'Mobile'),(1910,158,'2022-09-24','Deposit',1555.69,'Mobile'),(1911,158,'2022-11-22','Transfer',2879.71,'Branch'),(1912,158,'2023-02-20','Transfer',3586.69,'Mobile'),(1913,158,'2023-07-19','Deposit',47.14,'Online'),(1914,158,'2024-07-01','Deposit',4124.67,'Online'),(1915,158,'2024-12-12','Withdrawal',4552.41,'Mobile'),(1916,158,'2024-07-31','Withdrawal',2884.90,'ATM'),(1917,158,'2023-08-13','Transfer',4406.16,'Mobile'),(1918,158,'2023-12-12','Transfer',4214.77,'Branch'),(1919,158,'2024-03-11','Transfer',4118.91,'Online'),(1920,158,'2024-04-30','Deposit',906.09,'Mobile'),(1921,159,'2024-02-27','Transfer',925.39,'ATM'),(1922,159,'2024-03-16','Transfer',4728.98,'Online'),(1923,159,'2022-11-20','Withdrawal',4413.95,'Branch'),(1924,159,'2022-05-17','Transfer',3635.42,'Online'),(1925,159,'2024-10-07','Withdrawal',4962.02,'ATM'),(1926,159,'2024-01-26','Deposit',3779.43,'Branch'),(1927,159,'2024-04-19','Withdrawal',832.55,'Online'),(1928,159,'2024-11-02','Deposit',2316.22,'ATM'),(1929,159,'2024-08-03','Withdrawal',1724.85,'Mobile'),(1930,159,'2023-02-03','Withdrawal',198.50,'Branch'),(1931,159,'2022-08-23','Transfer',4586.51,'Branch'),(1932,159,'2024-08-08','Withdrawal',2312.17,'ATM'),(1933,159,'2023-05-12','Transfer',4750.59,'Online'),(1934,159,'2024-08-22','Withdrawal',4209.40,'Online'),(1935,159,'2022-02-06','Transfer',511.57,'Branch'),(1936,159,'2022-09-12','Transfer',3709.82,'Online'),(1937,159,'2022-06-08','Transfer',3820.31,'Branch'),(1938,159,'2022-11-11','Withdrawal',1796.85,'Online'),(1939,159,'2022-03-12','Transfer',2666.17,'Mobile'),(1940,160,'2024-12-06','Transfer',3316.07,'ATM'),(1941,160,'2024-03-10','Transfer',1548.54,'ATM'),(1942,160,'2022-01-10','Deposit',3864.32,'Online'),(1943,160,'2023-05-27','Withdrawal',4544.69,'Online'),(1944,160,'2022-07-07','Deposit',2114.20,'ATM'),(1945,160,'2023-11-22','Deposit',3403.00,'ATM'),(1946,161,'2022-07-17','Transfer',847.74,'Online'),(1947,161,'2022-04-01','Withdrawal',2567.38,'Branch'),(1948,161,'2023-10-23','Transfer',3137.66,'Online'),(1949,161,'2024-03-20','Withdrawal',612.81,'Online'),(1950,161,'2022-08-05','Withdrawal',1623.61,'ATM'),(1951,161,'2024-04-03','Transfer',1588.04,'Mobile'),(1952,161,'2023-03-12','Withdrawal',1108.28,'Branch'),(1953,161,'2024-01-26','Deposit',345.98,'Online'),(1954,161,'2024-04-21','Withdrawal',3840.05,'Mobile'),(1955,161,'2022-07-28','Transfer',2685.55,'Online'),(1956,161,'2023-05-31','Deposit',3003.34,'Mobile'),(1957,161,'2022-09-30','Withdrawal',884.90,'Branch'),(1958,162,'2022-05-19','Withdrawal',98.07,'Mobile'),(1959,162,'2024-02-23','Transfer',3206.55,'Online'),(1960,162,'2024-10-28','Transfer',3526.10,'ATM'),(1961,162,'2023-04-22','Deposit',3085.58,'ATM'),(1962,162,'2023-09-25','Deposit',3692.19,'Online'),(1963,162,'2022-06-12','Deposit',696.40,'Mobile'),(1964,162,'2023-08-31','Deposit',766.84,'Online'),(1965,162,'2022-03-19','Deposit',4617.81,'Mobile'),(1966,162,'2023-11-05','Deposit',1397.85,'ATM'),(1967,162,'2024-12-02','Withdrawal',3243.75,'Branch'),(1968,162,'2022-02-18','Deposit',4236.20,'Branch'),(1969,162,'2023-12-03','Deposit',1037.03,'ATM'),(1970,162,'2023-05-24','Transfer',3484.43,'Online'),(1971,162,'2024-02-21','Transfer',1614.97,'Mobile'),(1972,162,'2022-01-13','Deposit',4350.64,'ATM'),(1973,162,'2023-01-30','Deposit',3175.49,'Online'),(1974,162,'2023-02-23','Deposit',467.88,'Online'),(1975,162,'2023-04-29','Transfer',400.04,'Mobile'),(1976,162,'2023-09-30','Deposit',3611.15,'Online'),(1977,162,'2024-05-18','Deposit',3033.20,'Branch'),(1978,163,'2024-07-07','Transfer',1014.99,'Mobile'),(1979,163,'2022-06-13','Withdrawal',1997.24,'Online'),(1980,163,'2024-08-22','Withdrawal',2119.26,'Mobile'),(1981,163,'2022-11-16','Withdrawal',108.86,'Mobile'),(1982,163,'2024-05-25','Deposit',3796.70,'Branch'),(1983,163,'2022-11-09','Transfer',3635.97,'Branch'),(1984,163,'2024-02-19','Withdrawal',1536.18,'Branch'),(1985,163,'2024-02-08','Transfer',3034.07,'ATM'),(1986,163,'2023-11-14','Deposit',3577.17,'Online'),(1987,163,'2022-11-13','Deposit',30.86,'Branch'),(1988,163,'2024-10-03','Withdrawal',4629.20,'Mobile'),(1989,163,'2024-02-04','Withdrawal',2452.86,'ATM'),(1990,163,'2024-04-17','Deposit',4962.44,'ATM'),(1991,163,'2024-02-28','Transfer',820.19,'Mobile'),(1992,164,'2023-12-15','Transfer',3548.55,'Branch'),(1993,164,'2022-04-29','Transfer',1932.81,'Mobile'),(1994,164,'2023-05-21','Deposit',2393.85,'Branch'),(1995,164,'2022-02-27','Transfer',3331.72,'Online'),(1996,164,'2023-06-20','Transfer',2282.80,'Online'),(1997,164,'2023-06-05','Deposit',3014.73,'Online'),(1998,164,'2022-01-26','Deposit',3857.15,'Mobile'),(1999,164,'2024-03-25','Transfer',2934.94,'ATM'),(2000,164,'2024-11-27','Deposit',4381.27,'Online'),(2001,164,'2024-05-24','Withdrawal',3462.27,'Mobile'),(2002,164,'2023-09-23','Transfer',2063.93,'ATM'),(2003,164,'2022-08-12','Transfer',2867.33,'Branch'),(2004,164,'2022-10-20','Withdrawal',3746.16,'Mobile'),(2005,165,'2022-01-14','Deposit',4083.78,'ATM'),(2006,165,'2022-07-18','Deposit',3870.98,'Mobile'),(2007,165,'2024-12-11','Withdrawal',3276.06,'Mobile'),(2008,165,'2022-12-16','Deposit',1879.51,'Online'),(2009,165,'2023-02-10','Withdrawal',918.10,'ATM'),(2010,165,'2024-07-11','Transfer',4073.71,'Online'),(2011,165,'2023-02-16','Deposit',3752.08,'Online'),(2012,165,'2023-06-16','Withdrawal',2209.24,'ATM'),(2013,165,'2022-12-07','Deposit',1472.70,'Mobile'),(2014,165,'2022-09-13','Withdrawal',330.67,'ATM'),(2015,165,'2023-04-26','Withdrawal',2431.12,'ATM'),(2016,165,'2022-01-20','Deposit',1337.74,'ATM'),(2017,165,'2022-03-27','Deposit',1063.23,'ATM'),(2018,165,'2024-02-09','Transfer',2605.17,'Branch'),(2019,166,'2024-08-27','Withdrawal',3025.81,'Branch'),(2020,166,'2024-01-30','Transfer',4451.86,'Branch'),(2021,166,'2023-05-06','Withdrawal',3328.74,'Mobile'),(2022,166,'2022-04-28','Withdrawal',4366.66,'ATM'),(2023,166,'2022-01-07','Withdrawal',4354.00,'Mobile'),(2024,166,'2022-10-12','Deposit',3013.53,'Branch'),(2025,166,'2023-05-25','Withdrawal',2265.07,'Mobile'),(2026,166,'2024-11-20','Withdrawal',3304.54,'ATM'),(2027,166,'2023-10-22','Deposit',3172.55,'ATM'),(2028,166,'2023-10-29','Transfer',2227.09,'Mobile'),(2029,166,'2024-03-30','Transfer',3066.84,'ATM'),(2030,166,'2023-12-15','Withdrawal',4696.03,'Mobile'),(2031,166,'2022-07-25','Transfer',1930.44,'Online'),(2032,166,'2022-10-21','Transfer',4382.41,'ATM'),(2033,166,'2022-09-19','Withdrawal',3986.14,'Branch'),(2034,166,'2024-08-14','Deposit',4483.08,'ATM'),(2035,166,'2024-09-14','Transfer',2707.93,'Online'),(2036,166,'2023-03-10','Deposit',3768.73,'ATM'),(2037,166,'2022-08-05','Withdrawal',4966.87,'ATM'),(2038,166,'2022-11-25','Withdrawal',4514.22,'Branch'),(2039,167,'2023-06-12','Transfer',2386.75,'ATM'),(2040,167,'2022-10-06','Transfer',3171.41,'Mobile'),(2041,167,'2022-07-05','Transfer',1670.68,'Online'),(2042,167,'2022-05-13','Transfer',1722.70,'Mobile'),(2043,167,'2024-06-13','Deposit',1125.52,'ATM'),(2044,167,'2023-08-19','Deposit',565.80,'Branch'),(2045,167,'2023-01-21','Transfer',4710.62,'Branch'),(2046,167,'2022-09-18','Withdrawal',4770.80,'ATM'),(2047,167,'2023-09-29','Deposit',2954.40,'Online'),(2048,167,'2024-03-05','Withdrawal',1605.02,'Branch'),(2049,167,'2022-09-16','Transfer',3322.08,'Online'),(2050,167,'2022-08-07','Withdrawal',55.85,'Mobile'),(2051,168,'2022-10-24','Withdrawal',4187.71,'Mobile'),(2052,168,'2024-07-22','Deposit',3011.31,'Online'),(2053,168,'2022-03-12','Transfer',1607.50,'ATM'),(2054,168,'2023-07-15','Transfer',2874.12,'Online'),(2055,168,'2024-10-10','Withdrawal',3523.66,'Mobile'),(2056,168,'2022-05-01','Withdrawal',771.98,'Online'),(2057,168,'2023-04-06','Transfer',3681.27,'Online'),(2058,168,'2024-09-25','Transfer',1965.12,'Online'),(2059,168,'2022-02-14','Transfer',1967.51,'Mobile'),(2060,168,'2024-08-27','Withdrawal',3790.99,'Mobile'),(2061,168,'2022-05-28','Transfer',3636.51,'Branch'),(2062,168,'2023-02-04','Transfer',4282.70,'Mobile'),(2063,168,'2022-07-19','Deposit',1623.86,'ATM'),(2064,168,'2023-09-15','Withdrawal',3276.62,'Online'),(2065,168,'2024-06-23','Transfer',2417.38,'Online'),(2066,169,'2023-03-23','Transfer',986.32,'ATM'),(2067,169,'2024-01-12','Transfer',4282.15,'ATM'),(2068,169,'2022-10-30','Withdrawal',4752.49,'Mobile'),(2069,169,'2022-12-11','Deposit',489.28,'Mobile'),(2070,169,'2023-01-03','Deposit',595.56,'Branch'),(2071,169,'2024-06-07','Deposit',3138.59,'Mobile'),(2072,169,'2023-05-17','Deposit',602.82,'Mobile'),(2073,169,'2024-09-27','Withdrawal',3443.04,'Online'),(2074,169,'2024-02-08','Transfer',4955.91,'ATM'),(2075,169,'2024-08-07','Transfer',1916.68,'Mobile'),(2076,169,'2024-01-23','Deposit',608.80,'ATM'),(2077,170,'2024-09-28','Transfer',3347.27,'Online'),(2078,170,'2022-02-17','Transfer',2869.18,'Mobile'),(2079,170,'2023-07-15','Transfer',3729.34,'Online'),(2080,170,'2024-02-26','Withdrawal',4999.77,'Mobile'),(2081,170,'2023-09-04','Transfer',634.93,'Branch'),(2082,170,'2022-05-11','Transfer',4545.31,'Online'),(2083,170,'2024-04-10','Transfer',108.53,'Mobile'),(2084,170,'2022-05-11','Transfer',4187.35,'ATM'),(2085,171,'2022-08-29','Deposit',4311.40,'Online'),(2086,171,'2022-01-11','Transfer',2241.69,'Branch'),(2087,171,'2022-09-09','Deposit',652.79,'Online'),(2088,171,'2022-11-27','Deposit',2816.86,'ATM'),(2089,171,'2022-06-23','Deposit',2535.68,'Branch'),(2090,171,'2022-12-18','Withdrawal',4885.74,'ATM'),(2091,171,'2023-05-24','Withdrawal',240.37,'Branch'),(2092,171,'2024-12-29','Withdrawal',707.88,'Mobile'),(2093,171,'2023-10-03','Transfer',4554.81,'Branch'),(2094,171,'2024-11-11','Deposit',3442.77,'ATM'),(2095,171,'2023-05-01','Deposit',948.49,'Branch'),(2096,172,'2022-10-02','Transfer',2764.83,'Branch'),(2097,172,'2023-07-23','Deposit',3648.23,'Mobile'),(2098,172,'2022-06-02','Transfer',1282.29,'Mobile'),(2099,172,'2022-12-01','Withdrawal',2285.78,'Branch'),(2100,172,'2024-05-21','Transfer',724.79,'Online'),(2101,172,'2022-05-25','Transfer',3666.05,'Online'),(2102,172,'2024-02-02','Transfer',3290.02,'Online'),(2103,172,'2024-05-09','Deposit',1588.64,'Mobile'),(2104,172,'2024-02-16','Deposit',4820.45,'Online'),(2105,172,'2022-06-08','Withdrawal',631.86,'ATM'),(2106,172,'2024-04-13','Deposit',1653.49,'ATM'),(2107,173,'2023-11-15','Withdrawal',740.18,'Online'),(2108,173,'2023-07-15','Deposit',498.75,'Online'),(2109,173,'2024-02-15','Deposit',3915.84,'ATM'),(2110,173,'2022-12-26','Transfer',3644.35,'Branch'),(2111,173,'2024-09-29','Deposit',2649.51,'Branch'),(2112,173,'2023-07-10','Transfer',504.34,'ATM'),(2113,173,'2022-12-16','Withdrawal',4733.09,'Mobile'),(2114,173,'2023-01-06','Withdrawal',4032.36,'Mobile'),(2115,173,'2024-09-03','Transfer',646.59,'ATM'),(2116,173,'2024-11-17','Transfer',785.90,'Online'),(2117,173,'2022-10-20','Withdrawal',2842.13,'Branch'),(2118,173,'2022-04-19','Transfer',3199.58,'Branch'),(2119,173,'2023-05-26','Transfer',3047.43,'Mobile'),(2120,173,'2023-01-10','Withdrawal',4931.37,'Mobile'),(2121,173,'2024-10-25','Withdrawal',1386.36,'Mobile'),(2122,173,'2024-12-02','Transfer',4408.12,'Online'),(2123,174,'2022-06-28','Withdrawal',2038.51,'Branch'),(2124,174,'2022-07-04','Transfer',406.58,'Online'),(2125,174,'2022-07-11','Deposit',2880.83,'ATM'),(2126,174,'2023-08-09','Transfer',4648.65,'ATM'),(2127,174,'2024-05-18','Transfer',2548.32,'Online'),(2128,174,'2024-09-09','Withdrawal',2579.91,'ATM'),(2129,174,'2024-04-10','Deposit',3085.27,'ATM'),(2130,174,'2024-05-20','Transfer',2676.28,'Branch'),(2131,174,'2023-05-16','Transfer',3309.26,'ATM'),(2132,174,'2024-07-07','Deposit',3375.87,'Online'),(2133,174,'2022-12-25','Deposit',1841.58,'Online'),(2134,174,'2024-11-18','Withdrawal',4762.89,'Mobile'),(2135,174,'2024-10-11','Withdrawal',860.71,'ATM'),(2136,174,'2023-11-24','Transfer',1256.33,'ATM'),(2137,175,'2023-09-05','Withdrawal',1474.79,'Online'),(2138,175,'2022-01-05','Transfer',3159.57,'Mobile'),(2139,175,'2023-03-22','Withdrawal',4646.25,'ATM'),(2140,175,'2024-08-06','Transfer',4243.28,'ATM'),(2141,175,'2023-12-30','Deposit',3081.50,'Branch'),(2142,175,'2023-09-04','Withdrawal',544.75,'Branch'),(2143,175,'2023-01-17','Withdrawal',1779.12,'ATM'),(2144,175,'2024-06-01','Withdrawal',995.75,'Online'),(2145,175,'2024-04-21','Deposit',4566.41,'ATM'),(2146,175,'2022-11-15','Transfer',1258.17,'Mobile'),(2147,175,'2024-03-20','Withdrawal',1503.43,'Mobile'),(2148,175,'2023-01-09','Transfer',4059.60,'ATM'),(2149,175,'2024-06-17','Transfer',4198.39,'Online'),(2150,175,'2022-10-14','Withdrawal',3737.98,'ATM'),(2151,176,'2023-02-11','Deposit',955.94,'ATM'),(2152,176,'2022-10-01','Withdrawal',2111.07,'Branch'),(2153,176,'2022-03-06','Deposit',3334.36,'Mobile'),(2154,176,'2023-06-29','Deposit',2111.27,'Mobile'),(2155,176,'2022-09-18','Withdrawal',3757.94,'Mobile'),(2156,176,'2024-10-24','Transfer',4618.57,'Mobile'),(2157,176,'2022-09-27','Deposit',4788.82,'ATM'),(2158,176,'2022-09-16','Deposit',1727.16,'ATM'),(2159,176,'2023-04-30','Deposit',3394.77,'Branch'),(2160,176,'2024-05-29','Transfer',3689.78,'Mobile'),(2161,176,'2024-09-10','Withdrawal',1418.29,'ATM'),(2162,176,'2024-05-28','Deposit',3091.89,'Online'),(2163,176,'2023-05-26','Withdrawal',3835.97,'Branch'),(2164,176,'2023-05-22','Transfer',4104.84,'Online'),(2165,176,'2024-08-28','Transfer',3915.76,'ATM'),(2166,176,'2024-10-25','Transfer',914.13,'Online'),(2167,177,'2022-09-04','Deposit',2012.40,'Branch'),(2168,177,'2023-01-29','Deposit',2137.25,'Online'),(2169,177,'2022-07-06','Deposit',1907.96,'Branch'),(2170,177,'2023-04-19','Deposit',1687.53,'Mobile'),(2171,177,'2022-05-06','Transfer',2141.09,'ATM'),(2172,177,'2023-09-16','Deposit',1353.54,'Branch'),(2173,177,'2023-12-20','Transfer',2096.19,'Branch'),(2174,177,'2022-04-08','Deposit',214.04,'ATM'),(2175,177,'2023-10-21','Deposit',1433.73,'Branch'),(2176,177,'2022-07-26','Withdrawal',932.35,'Mobile'),(2177,177,'2024-01-15','Withdrawal',1528.74,'ATM'),(2178,177,'2022-01-28','Transfer',2763.32,'Online'),(2179,178,'2024-01-09','Transfer',4052.08,'Branch'),(2180,178,'2023-05-03','Transfer',1386.98,'Mobile'),(2181,178,'2022-06-28','Deposit',661.12,'ATM'),(2182,178,'2022-03-26','Transfer',4841.97,'Online'),(2183,178,'2023-01-31','Transfer',2234.39,'ATM'),(2184,178,'2022-06-03','Transfer',3098.86,'Branch'),(2185,178,'2024-08-29','Deposit',2672.45,'Online'),(2186,178,'2022-03-31','Deposit',966.62,'Branch'),(2187,178,'2023-12-13','Withdrawal',2247.93,'ATM'),(2188,178,'2024-06-12','Deposit',2419.27,'ATM'),(2189,178,'2022-12-08','Transfer',1378.00,'Online'),(2190,178,'2023-08-17','Deposit',4779.46,'ATM'),(2191,178,'2023-01-25','Transfer',4074.52,'Mobile'),(2192,178,'2024-12-26','Transfer',4857.98,'Online'),(2193,178,'2024-06-15','Transfer',1926.91,'Mobile'),(2194,179,'2023-07-11','Deposit',928.49,'Online'),(2195,179,'2023-03-23','Transfer',3486.64,'Mobile'),(2196,179,'2024-10-28','Transfer',3605.69,'Branch'),(2197,179,'2023-09-14','Deposit',1488.85,'Branch'),(2198,179,'2022-09-01','Deposit',1127.41,'Online'),(2199,179,'2023-08-21','Deposit',3201.68,'Branch'),(2200,179,'2022-09-30','Withdrawal',4368.18,'ATM'),(2201,179,'2023-05-25','Deposit',2677.63,'ATM'),(2202,179,'2023-12-13','Transfer',3029.75,'Branch'),(2203,179,'2023-10-27','Deposit',4732.67,'Branch'),(2204,179,'2022-10-01','Withdrawal',4492.70,'Branch'),(2205,179,'2023-10-27','Deposit',3133.52,'ATM'),(2206,179,'2023-12-30','Deposit',3655.08,'Branch'),(2207,179,'2022-12-28','Withdrawal',4858.31,'ATM'),(2208,179,'2024-02-22','Transfer',1294.15,'Online'),(2209,179,'2024-06-24','Deposit',1628.07,'Online'),(2210,179,'2024-03-20','Deposit',2235.82,'Mobile'),(2211,180,'2022-10-31','Withdrawal',477.52,'Online'),(2212,180,'2024-07-29','Deposit',4079.83,'Online'),(2213,180,'2023-01-22','Transfer',2457.69,'Online'),(2214,180,'2023-08-01','Deposit',1557.70,'Online'),(2215,180,'2024-03-18','Transfer',3043.03,'ATM'),(2216,180,'2022-10-21','Deposit',2137.71,'Mobile'),(2217,180,'2024-04-04','Deposit',3624.29,'Online'),(2218,180,'2022-01-25','Transfer',507.65,'Mobile'),(2219,180,'2022-02-12','Deposit',4134.55,'ATM'),(2220,180,'2022-09-28','Deposit',3852.89,'Branch'),(2221,180,'2022-10-20','Transfer',3002.19,'ATM'),(2222,180,'2022-08-06','Transfer',3683.30,'Branch'),(2223,180,'2022-06-24','Deposit',704.76,'Mobile'),(2224,180,'2022-12-01','Withdrawal',1665.46,'Online'),(2225,180,'2023-05-15','Deposit',2722.20,'Branch'),(2226,180,'2022-09-10','Deposit',4126.38,'ATM'),(2227,181,'2022-07-30','Transfer',4433.42,'Mobile'),(2228,181,'2022-10-18','Deposit',4561.71,'ATM'),(2229,181,'2023-04-10','Withdrawal',1933.06,'Branch'),(2230,181,'2023-08-11','Deposit',4609.24,'Mobile'),(2231,181,'2022-08-19','Withdrawal',856.10,'ATM'),(2232,181,'2023-04-05','Deposit',4782.77,'Branch'),(2233,181,'2024-01-02','Deposit',3082.33,'ATM'),(2234,181,'2024-01-09','Deposit',4478.98,'Online'),(2235,181,'2022-12-31','Withdrawal',2657.10,'Online'),(2236,181,'2024-05-20','Deposit',4466.66,'Branch'),(2237,181,'2023-08-11','Withdrawal',4378.26,'Branch'),(2238,181,'2024-10-19','Transfer',1851.87,'Branch'),(2239,181,'2022-06-06','Deposit',4309.95,'Online'),(2240,181,'2022-10-28','Withdrawal',747.42,'Mobile'),(2241,182,'2022-05-18','Deposit',2893.44,'Branch'),(2242,182,'2022-10-24','Deposit',1622.04,'Online'),(2243,182,'2023-01-08','Withdrawal',1769.52,'Mobile'),(2244,182,'2024-05-18','Withdrawal',3470.17,'Mobile'),(2245,182,'2023-11-14','Deposit',4012.68,'Online'),(2246,182,'2024-02-24','Withdrawal',2751.20,'Mobile'),(2247,182,'2024-12-26','Transfer',4108.81,'Mobile'),(2248,182,'2022-06-21','Transfer',3577.46,'Online'),(2249,182,'2022-06-28','Deposit',1814.93,'Online'),(2250,182,'2022-02-05','Withdrawal',2796.29,'Online'),(2251,182,'2022-08-14','Deposit',4557.70,'Branch'),(2252,182,'2022-10-13','Withdrawal',2307.34,'Mobile'),(2253,182,'2023-05-12','Deposit',4140.83,'ATM'),(2254,182,'2022-10-10','Deposit',4810.64,'Online'),(2255,182,'2024-02-13','Transfer',141.47,'Mobile'),(2256,182,'2024-02-01','Deposit',3509.99,'ATM'),(2257,182,'2024-09-03','Transfer',4353.68,'ATM'),(2258,182,'2022-10-28','Withdrawal',714.97,'Online'),(2259,182,'2022-06-07','Deposit',2850.22,'Mobile'),(2260,182,'2022-11-03','Deposit',2354.13,'Online'),(2261,183,'2024-08-20','Withdrawal',3615.56,'Mobile'),(2262,183,'2022-01-28','Withdrawal',565.22,'ATM'),(2263,183,'2022-03-07','Transfer',3758.15,'Online'),(2264,183,'2022-01-23','Withdrawal',4165.07,'Mobile'),(2265,183,'2023-06-13','Transfer',2514.34,'Online'),(2266,183,'2024-05-17','Deposit',1366.42,'ATM'),(2267,183,'2024-12-04','Withdrawal',4889.85,'Online'),(2268,183,'2023-03-10','Withdrawal',3099.03,'Online'),(2269,183,'2024-03-14','Deposit',4114.30,'ATM'),(2270,183,'2024-08-17','Withdrawal',1572.82,'Mobile'),(2271,183,'2024-02-19','Deposit',282.81,'Branch'),(2272,183,'2024-05-18','Deposit',1356.90,'ATM'),(2273,183,'2022-06-09','Withdrawal',3019.92,'Branch'),(2274,183,'2022-02-27','Deposit',1418.21,'ATM'),(2275,184,'2023-03-10','Transfer',64.78,'Branch'),(2276,184,'2023-01-20','Transfer',1016.61,'ATM'),(2277,184,'2023-05-08','Withdrawal',434.35,'ATM'),(2278,184,'2024-09-17','Deposit',249.76,'ATM'),(2279,184,'2023-09-25','Deposit',4902.90,'Branch'),(2280,184,'2024-03-26','Transfer',982.47,'Mobile'),(2281,184,'2023-12-30','Deposit',3516.26,'ATM'),(2282,185,'2024-04-14','Transfer',2522.86,'Online'),(2283,185,'2022-02-18','Transfer',3982.39,'Mobile'),(2284,185,'2022-03-18','Withdrawal',814.50,'Mobile'),(2285,185,'2022-06-11','Transfer',475.52,'Online'),(2286,185,'2023-03-18','Transfer',3274.56,'Online'),(2287,185,'2024-10-24','Transfer',4961.47,'Branch'),(2288,185,'2024-07-05','Deposit',1701.71,'Branch'),(2289,185,'2024-06-01','Deposit',4454.49,'Mobile'),(2290,185,'2023-05-05','Deposit',4985.08,'ATM'),(2291,185,'2022-11-09','Transfer',3142.67,'Mobile'),(2292,185,'2022-07-19','Deposit',721.69,'Branch'),(2293,185,'2022-06-28','Withdrawal',479.63,'Branch'),(2294,185,'2022-12-14','Withdrawal',815.75,'Branch'),(2295,185,'2024-01-15','Withdrawal',455.25,'Online'),(2296,185,'2024-08-01','Withdrawal',4930.86,'Branch'),(2297,186,'2022-10-15','Deposit',4858.69,'Mobile'),(2298,186,'2022-03-23','Withdrawal',4296.43,'Mobile'),(2299,186,'2024-04-17','Transfer',4586.53,'Online'),(2300,186,'2024-06-21','Withdrawal',2567.27,'Branch'),(2301,186,'2024-02-05','Deposit',3414.18,'Mobile'),(2302,186,'2023-06-23','Transfer',222.95,'ATM'),(2303,186,'2023-05-17','Transfer',4107.96,'ATM'),(2304,186,'2022-11-13','Deposit',1460.40,'Online'),(2305,186,'2024-03-28','Deposit',1123.03,'Mobile'),(2306,186,'2022-07-11','Withdrawal',2334.73,'Mobile'),(2307,186,'2022-08-12','Deposit',909.56,'ATM'),(2308,186,'2024-03-23','Withdrawal',1005.36,'Branch'),(2309,186,'2022-05-13','Withdrawal',1718.69,'Mobile'),(2310,186,'2023-03-12','Transfer',3709.01,'ATM'),(2311,186,'2023-07-25','Withdrawal',201.03,'Online'),(2312,186,'2024-08-20','Deposit',3204.68,'Branch'),(2313,186,'2022-03-06','Transfer',3873.29,'ATM'),(2314,186,'2024-01-11','Withdrawal',4893.02,'Online'),(2315,186,'2022-04-21','Deposit',4341.42,'Mobile'),(2316,187,'2023-06-01','Transfer',888.77,'Online'),(2317,187,'2022-05-22','Withdrawal',2031.29,'Branch'),(2318,187,'2024-07-13','Withdrawal',2628.64,'Branch'),(2319,187,'2023-01-12','Deposit',471.28,'Mobile'),(2320,187,'2023-12-02','Withdrawal',831.02,'Branch'),(2321,187,'2024-05-08','Withdrawal',2382.74,'Online'),(2322,187,'2024-06-13','Withdrawal',4563.86,'Mobile'),(2323,187,'2022-01-21','Transfer',3917.53,'Online'),(2324,187,'2022-06-09','Transfer',3343.13,'Online'),(2325,187,'2023-10-26','Transfer',4931.98,'Branch'),(2326,187,'2022-01-30','Deposit',4483.54,'Online'),(2327,187,'2024-10-19','Withdrawal',576.90,'Mobile'),(2328,187,'2023-06-23','Transfer',3614.21,'Mobile'),(2329,188,'2024-07-09','Transfer',4847.59,'ATM'),(2330,188,'2022-03-16','Deposit',3731.08,'Online'),(2331,188,'2024-05-10','Transfer',2734.97,'Online'),(2332,188,'2024-02-13','Deposit',1746.95,'Online'),(2333,188,'2022-01-30','Withdrawal',4070.76,'ATM'),(2334,188,'2023-09-11','Withdrawal',2515.41,'ATM'),(2335,188,'2024-10-19','Transfer',4995.25,'Mobile'),(2336,188,'2024-04-20','Withdrawal',1767.53,'Mobile'),(2337,188,'2024-12-07','Withdrawal',575.77,'Online'),(2338,189,'2024-05-27','Withdrawal',892.71,'Online'),(2339,189,'2024-06-11','Withdrawal',1432.29,'Mobile'),(2340,189,'2023-08-04','Transfer',3105.68,'ATM'),(2341,189,'2022-06-29','Deposit',457.29,'ATM'),(2342,189,'2024-04-22','Deposit',2487.06,'ATM'),(2343,189,'2024-06-28','Transfer',2910.36,'ATM'),(2344,189,'2023-08-17','Withdrawal',1067.24,'Mobile'),(2345,189,'2024-02-20','Deposit',985.85,'Mobile'),(2346,189,'2022-09-12','Withdrawal',4838.40,'Mobile'),(2347,189,'2024-04-25','Transfer',3522.14,'Mobile'),(2348,189,'2022-01-16','Withdrawal',3913.16,'Branch'),(2349,189,'2023-07-03','Transfer',1329.85,'Mobile'),(2350,189,'2023-05-10','Deposit',4501.93,'Mobile'),(2351,189,'2022-03-08','Deposit',140.97,'Branch'),(2352,189,'2024-11-28','Transfer',3003.73,'Branch'),(2353,189,'2022-12-16','Transfer',4964.22,'Online'),(2354,189,'2024-03-12','Deposit',3085.18,'Mobile'),(2355,189,'2022-04-16','Transfer',2151.22,'Mobile'),(2356,189,'2022-12-22','Withdrawal',4521.82,'Online'),(2357,190,'2023-04-19','Deposit',3553.02,'Online'),(2358,190,'2024-10-29','Deposit',3160.89,'Mobile'),(2359,190,'2023-06-17','Transfer',803.68,'Branch'),(2360,190,'2023-02-22','Deposit',475.39,'Mobile'),(2361,190,'2022-01-24','Transfer',3852.46,'Online'),(2362,190,'2022-02-26','Transfer',3540.80,'ATM'),(2363,190,'2024-02-23','Deposit',3714.27,'Online'),(2364,190,'2024-07-18','Transfer',3161.19,'Branch'),(2365,190,'2023-01-18','Deposit',3266.09,'Online'),(2366,190,'2023-09-01','Deposit',2681.73,'Online'),(2367,190,'2024-02-14','Withdrawal',3299.70,'Branch'),(2368,190,'2022-06-19','Deposit',3140.92,'ATM'),(2369,190,'2022-08-16','Withdrawal',4636.72,'ATM'),(2370,190,'2022-08-08','Deposit',1419.49,'Online'),(2371,190,'2022-07-10','Deposit',2476.28,'Branch'),(2372,190,'2023-03-02','Withdrawal',512.35,'ATM'),(2373,190,'2024-04-27','Deposit',2437.72,'ATM'),(2374,190,'2023-03-07','Transfer',2105.34,'Branch'),(2375,191,'2022-11-26','Deposit',1500.79,'Online'),(2376,191,'2022-03-06','Deposit',4879.82,'Branch'),(2377,191,'2024-09-18','Transfer',3003.96,'ATM'),(2378,191,'2022-11-21','Transfer',3711.07,'ATM'),(2379,191,'2023-01-30','Transfer',157.48,'ATM'),(2380,191,'2024-11-26','Transfer',3807.20,'Online'),(2381,191,'2024-01-18','Deposit',4493.88,'ATM'),(2382,191,'2023-11-02','Deposit',1106.61,'Online'),(2383,191,'2023-07-03','Withdrawal',2413.06,'ATM'),(2384,191,'2023-12-15','Transfer',2761.97,'Branch'),(2385,191,'2024-08-14','Transfer',4046.97,'Mobile'),(2386,191,'2024-11-15','Withdrawal',4612.52,'Branch'),(2387,191,'2022-12-21','Deposit',3438.42,'Branch'),(2388,191,'2024-03-15','Deposit',2922.40,'Branch'),(2389,191,'2022-12-06','Deposit',4769.27,'Mobile'),(2390,191,'2024-06-06','Withdrawal',2124.45,'Branch'),(2391,191,'2023-10-15','Transfer',546.72,'Mobile'),(2392,191,'2024-05-29','Deposit',2840.04,'Branch'),(2393,191,'2022-05-12','Withdrawal',844.57,'ATM'),(2394,192,'2024-04-19','Withdrawal',3023.37,'Branch'),(2395,192,'2024-03-26','Deposit',582.10,'Branch'),(2396,192,'2024-05-29','Deposit',1795.15,'ATM'),(2397,192,'2023-03-17','Transfer',1864.58,'Online'),(2398,192,'2023-10-06','Deposit',58.07,'ATM'),(2399,192,'2023-11-05','Deposit',2332.23,'Branch'),(2400,192,'2023-04-22','Transfer',340.51,'Branch'),(2401,192,'2023-03-11','Transfer',1095.14,'Branch'),(2402,192,'2022-06-03','Transfer',4464.39,'Mobile'),(2403,192,'2024-06-10','Withdrawal',4068.84,'Online'),(2404,192,'2023-02-08','Deposit',4015.60,'Mobile'),(2405,192,'2022-04-06','Withdrawal',2111.97,'ATM'),(2406,192,'2024-07-16','Deposit',3011.14,'Mobile'),(2407,193,'2022-02-13','Withdrawal',99.00,'ATM'),(2408,193,'2024-08-03','Withdrawal',663.98,'Mobile'),(2409,193,'2022-03-17','Transfer',4590.99,'ATM'),(2410,193,'2023-11-22','Transfer',91.20,'Mobile'),(2411,193,'2022-07-14','Withdrawal',3619.04,'Branch'),(2412,193,'2023-10-12','Withdrawal',2007.72,'Branch'),(2413,193,'2024-10-08','Transfer',244.89,'Branch'),(2414,193,'2024-07-19','Withdrawal',4244.87,'ATM'),(2415,193,'2024-02-05','Transfer',522.69,'Online'),(2416,193,'2022-04-08','Deposit',702.28,'Branch'),(2417,193,'2024-06-11','Deposit',859.26,'Online'),(2418,193,'2024-01-26','Transfer',4947.93,'ATM'),(2419,194,'2022-03-30','Deposit',249.54,'Branch'),(2420,194,'2022-06-03','Withdrawal',1653.35,'Mobile'),(2421,194,'2023-07-07','Transfer',859.99,'Online'),(2422,194,'2024-08-01','Deposit',640.18,'Online'),(2423,194,'2024-04-26','Transfer',2239.43,'ATM'),(2424,194,'2024-12-04','Transfer',1210.21,'Mobile'),(2425,194,'2024-09-30','Withdrawal',1616.34,'Mobile'),(2426,194,'2023-04-08','Deposit',1326.42,'Branch'),(2427,194,'2022-06-19','Withdrawal',2796.99,'Online'),(2428,194,'2023-02-26','Transfer',399.30,'Mobile'),(2429,194,'2022-05-04','Deposit',75.51,'Online'),(2430,194,'2024-08-16','Withdrawal',947.71,'ATM'),(2431,194,'2023-11-29','Deposit',4071.84,'Branch'),(2432,195,'2024-07-18','Transfer',778.45,'ATM'),(2433,195,'2022-09-24','Deposit',4584.32,'Mobile'),(2434,195,'2024-07-15','Transfer',2572.19,'Mobile'),(2435,195,'2023-01-20','Deposit',1396.41,'Online'),(2436,195,'2023-09-22','Transfer',3245.43,'Online'),(2437,195,'2024-08-02','Deposit',3727.68,'Online'),(2438,195,'2022-02-03','Withdrawal',943.28,'ATM'),(2439,195,'2024-09-02','Transfer',2659.12,'Branch'),(2440,195,'2023-06-28','Deposit',4635.37,'ATM'),(2441,195,'2023-12-27','Withdrawal',1068.21,'Mobile'),(2442,195,'2024-10-25','Withdrawal',2544.55,'ATM'),(2443,195,'2024-06-22','Withdrawal',1855.21,'ATM'),(2444,195,'2024-02-23','Transfer',4640.82,'Online'),(2445,195,'2023-08-26','Deposit',2019.43,'Branch'),(2446,196,'2024-11-28','Withdrawal',554.83,'ATM'),(2447,196,'2023-05-25','Deposit',1105.70,'ATM'),(2448,196,'2022-03-15','Transfer',1338.23,'ATM'),(2449,196,'2024-12-25','Deposit',1384.54,'Mobile'),(2450,196,'2024-03-13','Withdrawal',515.51,'Branch'),(2451,196,'2024-10-11','Deposit',863.44,'Online'),(2452,196,'2023-12-13','Transfer',1447.08,'Branch'),(2453,196,'2022-01-07','Deposit',933.54,'Mobile'),(2454,196,'2023-09-18','Transfer',1200.71,'Branch'),(2455,196,'2022-05-23','Deposit',944.85,'Mobile'),(2456,196,'2022-10-18','Deposit',3333.50,'Mobile'),(2457,196,'2023-11-16','Deposit',895.80,'Branch'),(2458,196,'2022-06-07','Deposit',3399.22,'ATM'),(2459,196,'2023-12-23','Withdrawal',2919.96,'Mobile'),(2460,196,'2023-05-22','Withdrawal',555.84,'ATM'),(2461,196,'2023-08-19','Deposit',2631.09,'Online'),(2462,196,'2022-10-28','Deposit',508.96,'Branch'),(2463,196,'2024-07-15','Withdrawal',3676.73,'Branch'),(2464,196,'2024-09-23','Withdrawal',1827.80,'ATM'),(2465,196,'2023-12-24','Withdrawal',3553.68,'Mobile'),(2466,197,'2023-07-07','Transfer',2601.35,'ATM'),(2467,197,'2022-10-30','Withdrawal',4282.76,'Online'),(2468,197,'2024-01-02','Withdrawal',164.21,'Mobile'),(2469,197,'2024-01-07','Deposit',3724.38,'Online'),(2470,197,'2024-02-13','Transfer',548.58,'Branch'),(2471,197,'2024-07-09','Transfer',883.01,'Branch'),(2472,197,'2023-11-10','Withdrawal',2949.85,'Branch'),(2473,197,'2023-09-26','Deposit',215.09,'Branch'),(2474,198,'2024-06-06','Withdrawal',2837.65,'Branch'),(2475,198,'2023-08-14','Deposit',4847.65,'Mobile'),(2476,198,'2022-10-29','Withdrawal',3407.81,'Branch'),(2477,198,'2022-11-30','Withdrawal',2439.26,'ATM'),(2478,198,'2023-08-27','Deposit',2274.75,'Online'),(2479,198,'2023-08-03','Transfer',625.94,'Mobile'),(2480,198,'2023-09-19','Deposit',2157.31,'ATM'),(2481,198,'2022-04-13','Withdrawal',697.22,'Branch'),(2482,199,'2022-06-26','Transfer',1360.64,'Online'),(2483,199,'2024-06-03','Transfer',4592.12,'Branch'),(2484,199,'2023-03-25','Deposit',2371.16,'Branch'),(2485,199,'2023-05-25','Transfer',3188.85,'Mobile'),(2486,199,'2024-03-28','Deposit',4466.24,'Branch'),(2487,199,'2023-09-29','Deposit',2823.90,'Branch'),(2488,199,'2022-10-13','Transfer',3840.63,'Branch'),(2489,199,'2022-10-05','Withdrawal',2775.88,'Branch'),(2490,199,'2023-09-17','Deposit',1493.70,'Mobile'),(2491,200,'2024-02-09','Withdrawal',489.25,'Mobile'),(2492,200,'2023-10-04','Transfer',4675.05,'Branch'),(2493,200,'2024-08-17','Withdrawal',2144.07,'Mobile'),(2494,200,'2024-04-20','Withdrawal',148.09,'ATM'),(2495,200,'2024-05-12','Deposit',3781.72,'Branch'),(2496,200,'2023-05-12','Transfer',2565.91,'Online'),(2497,200,'2023-08-24','Deposit',3779.12,'Mobile'),(2498,200,'2022-09-15','Withdrawal',3353.70,'Mobile'),(2499,200,'2024-11-26','Withdrawal',4197.60,'ATM'),(2500,200,'2022-04-23','Withdrawal',4151.17,'ATM'),(2501,201,'2022-07-19','Withdrawal',2831.56,'Branch'),(2502,201,'2022-05-05','Deposit',3704.96,'ATM'),(2503,201,'2023-02-24','Transfer',729.32,'Mobile'),(2504,201,'2022-10-07','Deposit',4476.31,'Online'),(2505,201,'2023-09-09','Transfer',1561.35,'ATM'),(2506,201,'2024-09-20','Transfer',3442.00,'ATM'),(2507,201,'2022-05-18','Deposit',773.58,'ATM'),(2508,201,'2024-11-30','Deposit',1243.56,'ATM'),(2509,201,'2024-08-28','Deposit',4165.30,'Mobile'),(2510,201,'2024-03-11','Deposit',4630.96,'Branch'),(2511,201,'2024-04-08','Withdrawal',4913.65,'Online'),(2512,201,'2023-06-18','Transfer',3409.79,'ATM'),(2513,201,'2024-06-04','Deposit',3184.62,'Online'),(2514,201,'2022-10-18','Transfer',3290.75,'Online'),(2515,201,'2024-11-13','Transfer',3501.15,'Online'),(2516,202,'2024-09-10','Withdrawal',1454.35,'ATM'),(2517,202,'2024-10-06','Withdrawal',3341.82,'Mobile'),(2518,202,'2024-03-01','Transfer',4001.28,'Mobile'),(2519,202,'2024-05-03','Withdrawal',749.35,'Branch'),(2520,202,'2024-07-25','Deposit',2825.40,'ATM'),(2521,202,'2023-09-13','Deposit',3229.09,'Mobile'),(2522,202,'2022-03-29','Withdrawal',4814.35,'Mobile'),(2523,202,'2024-07-27','Withdrawal',55.51,'Online'),(2524,202,'2024-01-03','Transfer',4280.64,'Online'),(2525,202,'2023-12-16','Transfer',2630.03,'ATM'),(2526,202,'2022-12-24','Transfer',765.50,'Branch'),(2527,202,'2024-07-30','Transfer',4294.73,'Online'),(2528,202,'2023-07-25','Transfer',1521.62,'Mobile'),(2529,202,'2022-05-20','Transfer',2423.89,'Mobile'),(2530,202,'2023-01-05','Transfer',3545.42,'Branch'),(2531,202,'2022-09-23','Transfer',1627.14,'Branch'),(2532,202,'2024-04-06','Deposit',234.20,'Online'),(2533,202,'2023-04-20','Deposit',3329.65,'Mobile'),(2534,202,'2024-09-02','Withdrawal',3801.95,'Online'),(2535,202,'2022-08-04','Deposit',3643.53,'Mobile'),(2536,203,'2022-05-12','Deposit',3063.40,'ATM'),(2537,203,'2022-03-18','Transfer',373.68,'Branch'),(2538,203,'2022-03-02','Deposit',1612.58,'Mobile'),(2539,203,'2024-02-13','Deposit',4944.47,'Online'),(2540,203,'2023-02-05','Withdrawal',2460.60,'Branch'),(2541,203,'2023-04-07','Deposit',3713.35,'Mobile'),(2542,203,'2024-12-18','Deposit',439.23,'ATM'),(2543,203,'2022-07-17','Deposit',175.86,'Online'),(2544,203,'2022-01-11','Withdrawal',3874.18,'ATM'),(2545,203,'2023-11-29','Deposit',3414.98,'Mobile'),(2546,203,'2023-01-25','Deposit',2856.15,'Mobile'),(2547,203,'2024-10-22','Withdrawal',1788.86,'Online'),(2548,203,'2022-05-18','Withdrawal',2143.28,'Mobile'),(2549,203,'2022-05-26','Transfer',399.94,'Branch'),(2550,203,'2022-07-26','Deposit',2498.57,'ATM'),(2551,203,'2023-11-09','Deposit',1127.87,'Branch'),(2552,203,'2023-05-30','Withdrawal',3519.33,'ATM'),(2553,203,'2022-11-20','Withdrawal',383.14,'Online'),(2554,204,'2024-03-28','Transfer',292.67,'ATM'),(2555,204,'2024-08-22','Withdrawal',3269.63,'ATM'),(2556,204,'2023-11-24','Withdrawal',1311.80,'Branch'),(2557,204,'2022-05-02','Deposit',1029.12,'Branch'),(2558,204,'2022-05-08','Deposit',2472.84,'ATM'),(2559,204,'2023-12-10','Deposit',4750.04,'ATM'),(2560,204,'2024-09-07','Deposit',1359.84,'ATM'),(2561,204,'2022-08-02','Deposit',2488.02,'Online'),(2562,204,'2023-12-19','Withdrawal',2393.19,'Online'),(2563,204,'2022-02-13','Deposit',141.51,'Online'),(2564,204,'2024-12-30','Transfer',4302.87,'ATM'),(2565,204,'2024-09-14','Deposit',1941.75,'Mobile'),(2566,204,'2022-09-14','Withdrawal',3509.68,'Online'),(2567,204,'2022-08-25','Withdrawal',598.78,'Branch'),(2568,205,'2023-02-01','Withdrawal',2188.26,'ATM'),(2569,205,'2023-05-03','Deposit',469.03,'ATM'),(2570,205,'2023-04-11','Withdrawal',3739.90,'ATM'),(2571,205,'2022-01-31','Transfer',1257.11,'ATM'),(2572,205,'2022-06-06','Deposit',642.31,'Online'),(2573,205,'2023-08-02','Deposit',1577.49,'Online'),(2574,205,'2023-08-22','Deposit',3034.56,'Mobile'),(2575,205,'2022-09-08','Transfer',393.25,'Branch'),(2576,205,'2023-02-26','Withdrawal',3529.22,'Branch'),(2577,205,'2023-03-28','Withdrawal',3568.54,'Branch'),(2578,205,'2023-08-23','Transfer',1228.59,'Branch'),(2579,205,'2023-10-16','Transfer',2711.68,'ATM'),(2580,205,'2022-04-21','Withdrawal',4503.12,'Mobile'),(2581,205,'2023-07-27','Deposit',1025.74,'Online'),(2582,205,'2024-12-02','Deposit',1531.65,'Online'),(2583,205,'2022-09-09','Withdrawal',3627.30,'Online'),(2584,206,'2023-04-27','Transfer',2206.98,'Mobile'),(2585,206,'2022-08-22','Deposit',2499.55,'ATM'),(2586,206,'2023-07-08','Withdrawal',2945.32,'Branch'),(2587,206,'2022-06-23','Deposit',1402.67,'Mobile'),(2588,206,'2024-10-11','Deposit',4315.24,'Mobile'),(2589,206,'2024-06-28','Deposit',1130.00,'Mobile'),(2590,207,'2024-06-01','Transfer',270.78,'Branch'),(2591,207,'2022-03-06','Transfer',3817.35,'ATM'),(2592,207,'2023-11-20','Withdrawal',4053.12,'Online'),(2593,207,'2022-02-26','Withdrawal',3631.67,'Mobile'),(2594,207,'2024-05-25','Transfer',4643.55,'ATM'),(2595,207,'2022-08-12','Transfer',1946.67,'Branch'),(2596,207,'2024-12-31','Withdrawal',2124.94,'Branch'),(2597,207,'2022-11-29','Withdrawal',2341.99,'Online'),(2598,207,'2022-09-28','Deposit',1410.69,'Branch'),(2599,207,'2022-06-25','Deposit',3858.98,'Branch');
/*!40000 ALTER TABLE `transactions` ENABLE KEYS */;
UNLOCK TABLES;
/*!40103 SET TIME_ZONE=@OLD_TIME_ZONE */;

/*!40101 SET SQL_MODE=@OLD_SQL_MODE */;
/*!40014 SET FOREIGN_KEY_CHECKS=@OLD_FOREIGN_KEY_CHECKS */;
/*!40014 SET UNIQUE_CHECKS=@OLD_UNIQUE_CHECKS */;
/*!40101 SET CHARACTER_SET_CLIENT=@OLD_CHARACTER_SET_CLIENT */;
/*!40101 SET CHARACTER_SET_RESULTS=@OLD_CHARACTER_SET_RESULTS */;
/*!40101 SET COLLATION_CONNECTION=@OLD_COLLATION_CONNECTION */;
/*!40111 SET SQL_NOTES=@OLD_SQL_NOTES */;

-- Dump completed on 2025-07-31 16:14:26
